date,forex_USDMYR=X,sp500,oil_price,inflation,EPU,forex_daily_returns
2021-01-04,4.019999980926514,0.0,0.0,0.0,0.0,0.0
2021-01-05,4.004000186920166,4.850905974599495,0.7082595157549276,0.0,0.0,-0.39800482791694236
2021-01-06,4.014999866485596,1.4019642672962185,0.5709842747752214,0.0,0.0,0.2747172590391589
2021-01-07,4.007999897003174,0.39502421236448093,1.4847403800101189,0.0,0.0,-0.17434544745200675
2021-01-08,4.037499904632568,2.7739519902017173,0.5491862685268911,0.0,0.0,0.7360281533802526
2021-01-11,4.03000020980835,0.01913920599532215,-0.6554750898592476,0.0,0.0,-0.185750959786124
2021-01-12,4.045000076293945,1.8373188219572345,0.04157884466327033,0.0,0.0,0.3722051043344443
2021-01-13,4.052499771118164,-0.5638023721524332,0.22756417379066196,0.0,0.0,0.18540654345524654
2021-01-14,4.041999816894531,1.247400962607248,-0.37534511943366766,0.0,0.0,-0.25909820645679815
2021-01-15,4.035999774932861,-2.2587252032214677,-0.7190027975370938,0.0,0.0,-0.14844241052637264
2021-01-18,4.033999919891357,0.0,0.0,0.0,0.0,-0.04955042500063289
2021-01-19,4.046000003814697,1.1841079538914112,0.8136379515524483,0.0,0.0,0.29747357862275337
2021-01-20,4.045499801635742,0.49075526326343155,1.3935625421946263,0.0,0.0,-0.01236288132683283
2021-01-21,4.043000221252441,-0.2066127101495785,0.03167233075522802,0.0,0.0,-0.06178668905855167
2021-01-22,4.0279998779296875,-1.618672300136037,-0.30106116552376383,0.0,0.0,-0.3710200965091004
2021-01-25,4.040500164031982,0.9565716388390433,0.36158389430824833,0.0,0.0,0.3103348182999399
2021-01-26,4.043000221252441,-0.3032022854352112,-0.14888337468982327,0.0,0.0,0.06187494416445283
2021-01-27,4.046500205993652,0.4561829708899623,-2.5677883699462,0.0,0.0,0.08656899702386145
2021-01-28,4.044000148773193,-0.964992121585273,0.9760625975629766,0.0,0.0,-0.06178319765697271
2021-01-29,4.044000148773193,-0.267480682537824,-1.9311475173124593,0.0,0.0,0.0
2021-02-01,4.039999961853027,2.586203935612885,1.6051767614439383,0.0,0.0,-0.0989165868695463
2021-02-02,4.039999961853027,2.2595688173889794,1.3898223484416938,0.0,0.0,0.0
2021-02-03,4.043000221252441,1.698320550915855,0.10087690809532646,0.0,0.0,0.07426384722137858
2021-02-04,4.048999786376953,0.9696551065604853,1.0853322230420792,0.0,0.0,0.1483938856341016
2021-02-05,4.056000232696533,1.1026123722783554,0.3897495164625342,0.0,0.0,0.17289322521412132
2021-02-08,4.067999839782715,1.9701016299795926,0.7399348360373592,0.0,0.0,0.2958482839682697
2021-02-09,4.063000202178955,0.6727607062894991,-0.11135249921484514,0.0,0.0,-0.12290161751891127
2021-02-10,4.046500205993652,0.5483202389950925,-0.03451849323593548,0.0,0.0,-0.4061037500429854
2021-02-11,4.041500091552734,-0.7498272399807271,0.16624551635393559,0.0,0.0,-0.12356639531395652
2021-02-12,4.039999961853027,2.111949702589211,0.47110331133788375,0.0,0.0,-0.03711814093094734
2021-02-15,4.039999961853027,0.0,0.0,0.0,0.0,0.0
2021-02-16,4.0329999923706055,0.9752782990619879,-0.056927241835114106,0.0,0.0,-0.17326657298311066
2021-02-17,4.027500152587891,1.8151543154644845,-0.03204020092266724,0.0,0.0,-0.13637093461738026
2021-02-18,4.0370001792907715,-1.0140643409782824,-0.4415835627354592,0.0,0.0,0.23587899051416006
2021-02-19,4.0395002365112305,-2.115001271670802,-0.18548966445751658,0.0,0.0,0.061928588293946873
2021-02-22,4.034999847412109,3.7981092779372005,-0.773283945815384,0.0,0.0,-0.11140955156888621
2021-02-23,4.0395002365112305,0.29272480983124627,0.12563181187927874,0.0,0.0,0.11153381088744307
2021-02-24,4.040999889373779,2.5133826784161206,1.135161376597904,0.0,0.0,0.037124712829417206
2021-02-25,4.039999961853027,0.4903472834673517,-2.447880752512621,0.0,0.0,-0.02474455699396083
2021-02-26,4.0370001792907715,-3.195338923819424,-0.47502141699028444,0.0,0.0,-0.07425204432131016
2021-03-01,4.052000045776367,-1.3983749761814046,2.3790763506800205,0.0,0.0,0.3715597180932173
2021-03-02,4.054999828338623,-1.4676771085198381,-0.8080851690870694,0.0,0.0,0.07403214532000213
2021-03-03,4.056000232696533,2.560667413049167,-1.306622187199813,0.0,0.0,0.02467088533317785
2021-03-04,4.05049991607666,4.161232216961652,-1.3417213930100202,0.0,0.0,-0.13560937633911863
2021-03-05,4.054999828338623,3.5406461569869485,1.949596819778221,0.0,0.0,0.11109523158123746
2021-03-08,4.072000026702881,-1.573601670085989,-0.5359231030161227,0.0,0.0,0.41924042130534467
2021-03-09,4.105000019073486,-1.598771509203245,1.415464230382213,0.0,0.0,0.8104123809971053
2021-03-10,4.114500045776367,0.6717704902752919,0.6030313342701321,0.0,0.0,0.23142574077319455
2021-03-11,4.125,2.4518841430783755,1.0395487004435822,0.0,0.0,0.2551939265236225
2021-03-12,4.105000019073486,-0.6210179545016681,0.10153984958789497,0.0,0.0,-0.4848480224609375
2021-03-15,4.116000175476074,-0.335316596031876,0.6491921301497117,0.0,0.0,0.2679697040554707
2021-03-16,4.110000133514404,-0.9022730438869253,-0.15696837343783798,0.0,0.0,-0.14577360801438788
2021-03-17,4.111499786376953,-0.308649025027008,0.287938213053085,0.0,0.0,0.03648790301293836
2021-03-18,4.11899995803833,-7.1207408402089385,-1.4760539319459198,0.0,0.0,0.18241936157281646
2021-03-19,4.109000205993652,2.3666636149088482,-0.060270397470363335,0.0,0.0,-0.24277135582784215
2021-03-22,4.105000019073486,0.2116591859179895,0.7025118077311765,0.0,0.0,-0.0973518306066512
2021-03-23,4.110499858856201,-6.157597014632133,-0.7630854183940605,0.0,0.0,0.13397904402339122
2021-03-24,4.119999885559082,5.921056237925115,-0.546733601831495,0.0,0.0,0.2311160936403489
2021-03-25,4.129499912261963,-4.282443476325248,0.5240265846959469,0.0,0.0,0.23058317880491064
2021-03-26,4.144000053405762,4.115436801392058,1.6631202604519668,0.0,0.0,0.35113552371663914
2021-03-29,4.144000053405762,0.9676892582832108,-0.08680126852336212,0.0,0.0,0.0
2021-03-30,4.138999938964844,-1.640679197042183,-0.31578329337678124,0.0,0.0,-0.12065913070653522
2021-03-31,4.14900016784668,-2.2956224726055297,0.36224990395776757,0.0,0.0,0.24160978568017466
2021-04-01,4.144000053405762,3.87086024583132,1.1825201774944727,0.0,0.0,-0.12051371989972859
2021-04-02,4.144000053405762,0.0,0.0,0.0,0.0,0.0
2021-04-05,4.137499809265137,-4.556548742549782,1.4438226417743616,0.0,0.0,-0.15685917125610738
2021-04-06,4.139999866485596,1.1594207800246004,-0.09735307519511682,0.0,0.0,0.06042434648239059
2021-04-07,4.129000186920166,0.7416123599016666,0.1475232784985625,0.0,0.0,-0.26569275169487927
2021-04-08,4.129000186920166,-0.28442694050623274,0.42206328286402695,0.0,0.0,0.0
2021-04-09,4.135000228881836,-0.46979662158624924,0.7719934348738189,0.0,0.0,0.1453146449515108
2021-04-12,4.132500171661377,0.640595195667859,-0.019607884876882142,0.0,0.0,-0.0604608726015754
2021-04-13,4.130499839782715,0.8040193234541748,0.32944868090414303,0.0,0.0,-0.04840488313537783
2021-04-14,4.131999969482422,4.935196420143062,-0.40877267278285334,0.0,0.0,0.03631835753288293
2021-04-15,4.126999855041504,0.49089081726578776,1.109419052516647,0.0,0.0,-0.12100954689853172
2021-04-16,4.123000144958496,-0.5200094880527084,0.36088195555097347,0.0,0.0,-0.09691568266283479
2021-04-19,4.123499870300293,0.39600823027114984,-0.5306560094486046,0.0,0.0,0.012120429886675055
2021-04-20,4.120999813079834,-1.4831215297645972,-0.6802319771775922,0.0,0.0,-0.06062949676477469
2021-04-21,4.112500190734863,-1.745676131584084,0.9306055472153574,0.0,0.0,-0.20625146155049956
2021-04-22,4.118500232696533,0.13040233585079886,-0.9210657476561801,0.0,0.0,0.14589767011288224
2021-04-23,4.109799861907959,1.1557855786187288,1.0928696540176919,0.0,0.0,-0.21125094808791545
2021-04-26,4.10699987411499,-0.370131227060555,0.1782270924804541,0.0,0.0,-0.06812954126843573
2021-04-27,4.096499919891357,1.6637034111379068,-0.021489588801437698,0.0,0.0,-0.2556599597143938
2021-04-28,4.09499979019165,1.4617127481985293,-0.08455399168898481,0.0,0.0,-0.03661979077365096
2021-04-29,4.099999904632568,1.8008166534412728,0.6762806734045723,0.0,0.0,0.12210292300611769
2021-04-30,4.099999904632568,-2.199661987672563,-0.7194706699326425,0.0,0.0,0.0
2021-05-03,4.0929999351501465,1.4312614131922974,0.2748090747253684,0.0,0.0,-0.1707309669571666
2021-05-04,4.1020002365112305,1.860760765059477,-0.6678337608227225,0.0,0.0,0.2198949793228877
2021-05-05,4.119999885559082,-0.09134599750061367,0.07034637617677753,0.0,0.0,0.43880175548600686
2021-05-06,4.114999771118164,-1.4017952269492095,0.8165456466051824,0.0,0.0,-0.12136200436422273
2021-05-07,4.119500160217285,0.29362145587148447,0.7373341616968343,0.0,0.0,0.10936547629256665
2021-05-10,4.110000133514404,0.030811467790847757,-1.0435647322188157,0.0,0.0,-0.23061115022215972
2021-05-11,4.105000019073486,0.554529606446863,-0.867391280271812,0.0,0.0,-0.12165728171503742
2021-05-12,4.116000175476074,1.2254948938686727,-2.144940066450274,0.0,0.0,0.2679697040554707
2021-05-13,4.123000144958496,-3.42009999032471,1.2173141406923493,0.0,0.0,0.17006727852271197
2021-05-14,4.123000144958496,2.4287105283134602,1.4917956876899785,0.0,0.0,0.0
2021-05-17,4.128499984741211,1.3767689439655673,-0.25300521932207776,0.0,0.0,0.133394120527508
2021-05-18,4.127500057220459,-1.1770013864614959,-0.8517292959364653,0.0,0.0,-0.024220116857154306
2021-05-19,4.122000217437744,-3.2524008595155696,-0.2943411456817757,0.0,0.0,-0.13324869064734735
2021-05-20,4.135000228881836,-2.067552652575244,1.0554741756143349,0.0,0.0,0.3153811440643972
2021-05-21,4.138500213623047,2.4657576354655486,-0.07838806801412357,0.0,0.0,0.08464291529572954
2021-05-24,4.138500213623047,3.884871263870715,0.9911292190138532,0.0,0.0,0.0
2021-05-25,4.144999980926514,0.03027500702874608,-0.21252837802967495,0.0,0.0,0.1570561065110221
2021-05-26,4.139999866485596,0.21189555062068877,0.18768165702687245,0.0,0.0,-0.12063002325516381
2021-05-27,4.139999866485596,0.9666204478147034,0.11653145418315525,0.0,0.0,0.0
2021-05-28,4.13700008392334,-0.7928179377626243,0.07688818911402162,0.0,0.0,-0.07245851833329597
2021-05-31,4.13100004196167,0.0,0.0,0.0,0.0,-0.14503364370203053
2021-06-01,4.122000217437744,2.110979391316503,-0.04923335226864056,0.0,0.0,-0.21786067374746088
2021-06-02,4.124000072479248,1.6391030572105336,0.14469348384307246,0.0,0.0,0.04851661659412976
2021-06-03,4.122499942779541,-0.02906330368847021,-0.36287033416374515,0.0,0.0,-0.03637559828667536
2021-06-04,4.120500087738037,1.1771620647109238,0.8834095710505974,0.0,0.0,-0.04851073545814044
2021-06-07,4.125500202178955,-0.5601829564242378,-0.07967387044511831,0.0,0.0,0.12134727179833327
2021-06-08,4.125999927520752,1.184457106836323,0.01750248645058239,0.0,0.0,0.012113084894105342
2021-06-09,4.117499828338623,-0.1284853152949239,-0.18238673194856947,0.0,0.0,-0.2060130715328512
2021-06-10,4.116000175476074,0.4717007366684234,0.46522430122621916,0.0,0.0,-0.03642144323182661
2021-06-11,4.118000030517578,0.8820639330011204,0.19484346695590737,0.0,0.0,0.048587341016625984
2021-06-14,4.110499858856201,-0.04231618550520899,0.18152018730952513,0.0,0.0,-0.18213141344814998
2021-06-15,4.112500190734863,1.7494434836540007,-0.20116937805257917,0.0,0.0,0.048663956875039105
2021-06-16,4.114500045776367,0.04159564358627854,-0.5390124612855707,0.0,0.0,0.04862869176296414
2021-06-17,4.114999771118164,-1.538462351873171,-0.043571559205179966,0.0,0.0,0.012145469345892224
2021-06-18,4.137499809265137,0.8445924357947998,-1.3124468779900589,0.0,0.0,0.5467810303391385
2021-06-21,4.136499881744385,2.819659812494102,1.4002289962720793,0.0,0.0,-0.024167433639821212
2021-06-22,4.14300012588501,-0.8145615988127686,0.5124491902218642,0.0,0.0,0.15714358337861611
2021-06-23,4.158999919891357,0.027380609265548195,-0.10832833431588806,0.0,0.0,0.3861885957082922
2021-06-24,4.1579999923706055,0.30104161903514726,0.5811249724885448,0.0,0.0,-0.024042499158738462
2021-06-25,4.15500020980835,1.0231923175643143,0.33305973193167304,0.0,0.0,-0.07214484289946865
2021-06-28,4.153500080108643,-1.539499449921189,0.23149642620619026,0.0,0.0,-0.036104202742659464
2021-06-29,4.143499851226807,0.09600835455807477,0.027733619326086867,0.0,0.0,-0.24076631007491356
2021-06-30,4.149499893188477,0.6714138684990489,0.1328159646746485,0.0,0.0,0.14480613435750023
2021-07-01,4.14900016784668,2.3955384605798935,0.522162685427574,0.0,0.0,-0.012043025778052385
2021-07-02,4.156000137329102,-0.09304757636671157,0.7500081663913916,0.0,0.0,0.1687146107312687
2021-07-05,4.160999774932861,0.0,0.0,0.0,0.0,0.12029926464278695
2021-07-06,4.153500080108643,-2.3815870520370153,-0.20218560598241897,0.0,0.0,-0.1802378089371559
2021-07-07,4.144999980926514,-1.5946650600259793,0.3358975310182588,0.0,0.0,-0.20464906748975942
2021-07-08,4.159999847412109,1.0249383995051264,-0.8561024934316985,0.0,0.0,0.3618785658532797
2021-07-09,4.178999900817871,2.220996795947272,1.1277947808795874,0.0,0.0,0.4567320697759447
2021-07-12,4.188000202178955,-0.6169515819942961,0.34511743312370946,0.0,0.0,0.21536974335230052
2021-07-13,4.188000202178955,1.5519589062886974,-0.3516812658565627,0.0,0.0,0.0
2021-07-14,4.190499782562256,-2.8172793974512,0.11649345752446916,0.0,0.0,0.05968434246972354
2021-07-15,4.197999954223633,-2.0237874786326326,-0.32622408541723713,0.0,0.0,0.17898036154511132
2021-07-16,4.197999954223633,0.22330220419752855,-0.7538854211077806,0.0,0.0,0.0
2021-07-19,4.206999778747559,-7.505917801000395,-1.5869512427409305,0.0,0.0,0.21438362606152062
2021-07-20,4.2220001220703125,1.5055706527669743,1.5162609437855634,0.0,0.0,0.35655678896231446
2021-07-21,4.2220001220703125,4.271736815530014,0.8241819990835397,0.0,0.0,0.0
2021-07-22,4.231500148773193,2.2901856905556794,0.20166699583279435,0.0,0.0,0.22501246869273128
2021-07-23,4.2204999923706055,0.22249481931142512,1.0145452020822843,0.0,0.0,-0.2599587856750296
2021-07-26,4.223999977111816,-0.2220008788571315,0.23821998626283314,0.0,0.0,0.08292820157653757
2021-07-27,4.230000019073486,-0.361566017229209,-0.47124448070912095,0.0,0.0,0.14204644872588545
2021-07-28,4.230000019073486,1.0327953217171393,-0.01862618826539153,0.0,0.0,0.0
2021-07-29,4.230999946594238,1.6991343656641567,0.42061529800074826,0.0,0.0,0.02363894837453806
2021-07-30,4.236000061035156,0.4482398659995557,-0.540604805147693,0.0,0.0,0.11817807856373541
2021-08-02,4.218999862670898,-3.6375861028019485,-0.1842805614891363,0.0,0.0,-0.40132667892605056
2021-08-03,4.222499847412109,-0.9823246655234374,0.82034265474622,0.0,0.0,0.08295768796244829
2021-08-04,4.230999946594238,-3.4155273754276405,-0.4632387901412294,0.0,0.0,0.20130490205556573
2021-08-05,4.2195000648498535,1.379302701342966,0.6005446813494242,0.0,0.0,-0.27180056463109725
2021-08-06,4.215000152587891,-1.1723803756369944,0.1675266241764728,0.0,0.0,-0.10664562608847517
2021-08-09,4.218999862670898,-2.6361972093488895,-0.09399082741974318,0.0,0.0,0.094892287976589
2021-08-10,4.22599983215332,2.7226195354952187,0.09926793341701323,0.0,0.0,0.16591537592491878
2021-08-11,4.22599983215332,1.4057681528810484,0.12757437876824707,0.0,0.0,0.0
2021-08-12,4.232500076293945,-0.23105221965252776,0.4146380281677686,0.0,0.0,0.15381553238995593
2021-08-13,4.230500221252441,-0.9407930683705934,0.1607306655808216,0.0,0.0,-0.04724997059550873
2021-08-16,4.235000133514404,-1.6803060854117646,0.2620850702215849,0.0,0.0,0.10636832588630796
2021-08-17,4.235000133514404,-1.0402802319998017,-0.706069881494753,0.0,0.0,0.0
2021-08-18,4.235499858856201,-1.6969474629254244,-1.0748470745585936,0.0,0.0,0.011799889635000227
2021-08-19,4.235499858856201,-2.7039420753421917,0.12566922329095842,0.0,0.0,0.0
2021-08-20,4.236000061035156,-2.151042489283783,0.8141567655737925,0.0,0.0,0.011809755533565003
2021-08-23,4.235000133514404,5.327342283507663,0.8523790364248329,0.0,0.0,-0.0236054652111517
2021-08-24,4.223999977111816,2.8945788292900954,0.14957363013194946,0.0,0.0,-0.2597439446468064
2021-08-25,4.2170000076293945,1.2140948826012021,0.2220118224179668,0.0,0.0,-0.1657189753871191
2021-08-26,4.202000141143799,-1.3750767013069765,-0.5824918819612557,0.0,0.0,-0.35569993973103564
2021-08-27,4.192800045013428,1.957875601711656,0.8807632480425154,0.0,0.0,-0.21894564067926892
2021-08-30,4.1875,0.6837376131936912,0.4306570844779589,0.0,0.0,-0.1264082464350058
2021-08-31,4.1545000076293945,-1.025862005295053,-0.13491160395050494,0.0,0.0,-0.7880595192980455
2021-09-01,4.15500020980835,0.1313815151688047,0.03116886257619189,0.0,0.0,0.01204000909944547
2021-09-02,4.151299953460693,2.0411161986103155,0.2842638410522902,0.0,0.0,-0.08905550326859801
2021-09-03,4.1554999351501465,-1.0001385478031866,-0.03350311257153127,0.0,0.0,0.10117268654490363
2021-09-06,4.144000053405762,0.0,0.0,0.0,0.0,-0.27673882622667456
2021-09-07,4.145500183105469,-1.3566206220032018,-0.3395574405981705,0.0,0.0,0.03620004054956105
2021-09-08,4.1529998779296875,1.3899116296197223,-0.1318566739775151,0.0,0.0,0.18091169926328643
2021-09-09,4.1519999504089355,-1.673886884597986,-0.4605608657393345,0.0,0.0,-0.024077234532704495
2021-09-10,4.145500183105469,2.318758211340266,-0.7722578759925436,0.0,0.0,-0.15654545715557688
2021-09-13,4.133999824523926,1.0470391777937849,0.22764876184568905,0.0,0.0,-0.27741787657883377
2021-09-14,4.144999980926514,0.014197497038659357,-0.574663850657553,0.0,0.0,0.2660899097608027
2021-09-15,4.159999847412109,3.051378872857091,0.8473996979569742,0.0,0.0,0.3618785658532797
2021-09-16,4.156000137329102,0.0,-0.15511404489350067,0.0,0.0,-0.09614688052203002
2021-09-17,4.1554999351501465,-0.8814204438351125,-0.9110872450405094,0.0,0.0,-0.012035663196019453
2021-09-20,4.16949987411499,-2.334306345256121,-1.697731100841482,0.0,0.0,0.33690143624891533
2021-09-21,4.190000057220459,0.38411813849723586,-0.08123585165593639,0.0,0.0,0.4916700737356505
2021-09-22,4.184000015258789,2.366788344845183,0.9519611195260236,0.0,0.0,-0.14319909020836796
2021-09-23,4.190999984741211,1.481378437069547,1.2134715784494876,0.0,0.0,0.16730328529859229
2021-09-24,4.179999828338623,0.9276947842630001,0.1461009046688222,0.0,0.0,-0.2624709244246626
2021-09-27,4.185999870300293,1.9870147669719174,-0.27763826213396126,0.0,0.0,0.1435416796190303
2021-09-28,4.1875,-0.21205571794071787,-2.0364110556098214,0.0,0.0,0.035836831012603376
2021-09-29,4.179999828338623,-0.6109696890411187,0.15691842194003325,0.0,0.0,-0.17910857698810734
2021-09-30,4.182300090789795,0.2672683995033509,-1.1909714125195148,0.0,0.0,0.05503020444108664
2021-10-01,4.184000015258789,1.132878166000495,1.149147763018199,0.0,0.0,0.04064568376471733
2021-10-04,4.177000045776367,2.293101681794907,-1.2985898136748442,0.0,0.0,-0.1673032852986034
2021-10-05,4.171999931335449,1.687706148208612,1.0524514660609219,0.0,0.0,-0.11970587469765093
2021-10-06,4.177499771118164,-1.900418084632438,0.41027928541854664,0.0,0.0,0.13182741786275098
2021-10-07,4.183000087738037,1.1235990483702496,0.8298280656405366,0.0,0.0,0.1316652763909243
2021-10-08,4.181000232696533,1.3409902700376897,-0.19137230947889883,0.0,0.0,-0.04780910828489082
2021-10-11,4.178500175476074,1.4744778720152008,-0.6865763848056816,0.0,0.0,-0.05979567283703746
2021-10-12,4.167500019073486,0.14903471384131173,-0.24167805585421087,0.0,0.0,-0.26325609526471894
2021-10-13,4.163000106811523,-0.24801209047115025,0.302251448379387,0.0,0.0,-0.10797629853313007
2021-10-14,4.15749979019165,1.081545363976355,1.7063101945583359,0.0,0.0,-0.13212386449074076
2021-10-15,4.152500152587891,1.192966732048073,0.7460210377712606,0.0,0.0,-0.12025587146281547
2021-10-18,4.1554999351501465,0.19446240214291421,0.337476955709759,0.0,0.0,0.07224039619568856
2021-10-19,4.16949987411499,0.6307576754816191,0.7393339551406308,0.0,0.0,0.33690143624891533
2021-10-20,4.16949987411499,1.0969186019189614,0.36640298040166996,0.0,0.0,0.0
2021-10-21,4.1554999351501465,-1.6334836076273618,0.2995871849622578,0.0,0.0,-0.3357702215500247
2021-10-22,4.156000137329102,1.5272753166429842,-0.10725536274130976,0.0,0.0,0.012037111942264644
2021-10-25,4.147500038146973,0.0,0.4748196569493546,0.0,0.0,-0.20452596008795343
2021-10-26,4.14900016784668,1.0625589385741652,0.18197952535197182,0.0,0.0,0.036169492125615044
2021-10-27,4.144999980926514,-2.3508539018291197,-0.5051568068462853,0.0,0.0,-0.09641327448396408
2021-10-28,4.1529998779296875,0.1814588553582741,0.9829281576461124,0.0,0.0,0.19300113486093728
2021-10-29,4.1479997634887695,0.9177661618607225,0.1949334719149265,0.0,0.0,-0.12039765441579364
2021-11-01,4.138999938964844,0.5743728116386793,0.18000771431341267,0.0,0.0,-0.21696781670875742
2021-11-02,4.150000095367432,-0.16656678710912365,0.36803630854131963,0.0,0.0,0.2657684601304666
2021-11-03,4.145999908447266,-3.6348503380355335,0.6461279195357994,0.0,0.0,-0.09639004405400664
2021-11-04,4.151000022888184,-2.5352498593666506,0.4181942361150437,0.0,0.0,0.12060092984398363
2021-11-05,4.1519999504089355,3.121430225452926,0.3732799652949259,0.0,0.0,0.02408883438300702
2021-11-08,4.1579999923706055,0.8121123284993814,0.08877879113036169,0.0,0.0,0.14450968288375332
2021-11-09,4.152500152587891,2.709631651939448,-0.3498775895770745,0.0,0.0,-0.1322712792882763
2021-11-10,4.146999835968018,-3.339281208597611,-0.8225823395229703,0.0,0.0,-0.13245795105980562
2021-11-11,4.151000022888184,0.307351870242889,0.05509400447352153,0.0,0.0,0.09645978004317879
2021-11-12,4.163000106811523,-0.9805067511588605,0.7222656026415475,0.0,0.0,0.289088987163888
2021-11-15,4.151000022888184,0.11139539159645828,-0.0010739820344718431,0.0,0.0,-0.2882556717619389
2021-11-16,4.158999919891357,-0.14836192045299956,0.3865229864862485,0.0,0.0,0.19272216234793582
2021-11-17,4.1645002365112305,-2.971770012871533,-0.2601625374463401,0.0,0.0,0.13225094315503227
2021-11-18,4.171500205993652,0.8295067902194919,0.33847802152713324,0.0,0.0,0.16808666310188514
2021-11-19,4.179999828338623,-3.6830826267943872,-0.1398665559303236,0.0,0.0,0.20375457090373583
2021-11-22,4.181000232696533,0.8541413126308406,-0.31971365563219223,0.0,0.0,0.023933119593166907
2021-11-23,4.183000087738037,2.28013029315961,0.1657132912945114,0.0,0.0,0.04783197632625136
2021-11-24,4.192999839782715,-0.1401281660529441,0.22938506357221833,0.0,0.0,0.23905694083035112
2021-11-25,4.208000183105469,0.0,0.0,0.0,0.0,0.3577472906254986
2021-11-26,4.2270002365112305,-13.06288805140844,-2.2724822637582465,0.0,0.0,0.45152216204846773
2021-11-29,4.236999988555908,2.6412257990629184,1.3200199537034996,0.0,0.0,0.23656852342481827
2021-11-30,4.236000061035156,-5.389559410354117,-1.896131033450521,0.0,0.0,-0.023599894346304495
2021-12-01,4.202499866485596,-0.9217295369275735,-1.1815187417889228,0.0,0.0,-0.7908449968571096
2021-12-02,4.21750020980835,1.4183320260853893,1.419443613158311,0.0,0.0,0.35693857940080065
2021-12-03,4.227499961853027,-0.3608990432624526,-0.8448563730297565,0.0,0.0,0.23710140005261948
2021-12-06,4.229000091552734,4.874729283736201,1.1730872577451423,0.0,0.0,0.03548503165566874
2021-12-07,4.230000019073486,3.683990886007793,2.0707080374404274,0.0,0.0,0.0236445376946115
2021-12-08,4.229499816894531,0.4302533594218838,0.30852853123166657,0.0,0.0,-0.01182511056027069
2021-12-09,4.2179999351501465,-1.9624076243335065,-0.7181080169894716,0.0,0.0,-0.27189696754328363
2021-12-10,4.215000152587891,1.0290325661350463,0.9549073338481762,0.0,0.0,-0.07111860143139692
2021-12-13,4.210000038146973,-0.5302040785911788,-0.9136167611567658,0.0,0.0,-0.11862667283293327
2021-12-14,4.2220001220703125,-0.7855204816974215,-0.7470677577436025,0.0,0.0,0.28503762029945534
2021-12-15,4.230999946594238,0.19793493991784317,1.6348464630746795,0.0,0.0,0.2131649517696399
2021-12-16,4.228000164031982,2.1306539414643444,-0.8743415379980468,0.0,0.0,-0.0709000850891206
2021-12-17,4.203999996185303,-2.1000230737016623,-1.0287680637092622,0.0,0.0,-0.5676482241143588
2021-12-20,4.216000080108643,-3.7115399813216543,-1.138805785140995,0.0,0.0,0.28544443230800187
2021-12-21,4.224999904632568,4.235672354477105,1.7777934551572505,0.0,0.0,0.21346831956639
2021-12-22,4.206999778747559,2.3059608075271854,1.0180197220578835,0.0,0.0,-0.42603849210205436
2021-12-23,4.210999965667725,1.4156112548875166,0.6223699921661829,0.0,0.0,0.09508407726508405
2021-12-24,4.197999954223633,0.0,0.0,0.0,0.0,-0.30871554381574073
2021-12-27,4.192500114440918,2.412249298295266,1.383893524747526,0.0,0.0,-0.13101095385151806
2021-12-28,4.181000232696533,0.5425481854771652,-0.10101548486260992,0.0,0.0,-0.27429651593267046
2021-12-29,4.178500175476074,0.763351113496924,0.14018951394270118,0.0,0.0,-0.05979567283703746
2021-12-30,4.179500102996826,0.56165140920581,-0.29897555945093135,0.0,0.0,0.023930297445495796
2021-12-31,4.171500205993652,-2.3119870485598715,-0.2626179913657545,0.0,0.0,-0.19140798674553983
2022-01-03,4.175000190734863,1.1567647349721266,0.6374052530970564,0.0,0.0,0.08390230296961843
2022-01-04,4.170000076293945,1.1961041151597351,-0.0629621957060511,0.0,0.0,-0.11976321467036533
2022-01-05,4.184000015258789,1.1170290092400004,-1.9392757790687165,0.0,0.0,0.3357299450527984
2022-01-06,4.191999912261963,2.0680804648785633,-0.09637690162076495,0.0,0.0,0.19120212652961044
2022-01-07,4.210999965667725,-0.7047540461187607,-0.4050216740091761,0.0,0.0,0.4532455582879402
2022-01-10,4.206999778747559,-0.8491738352191969,-0.14410312534549607,0.0,0.0,-0.09499375333126281
2022-01-11,4.197999954223633,3.8220602524166036,0.9159984668711818,0.0,0.0,-0.21392500587686936
2022-01-12,4.190000057220459,1.7483355671057854,0.2817754443029452,0.0,0.0,-0.19056448524076286
2022-01-13,4.183499813079834,-0.6292311797034489,-1.42436152864307,0.0,0.0,-0.15513708954307814
2022-01-14,4.175000190734863,2.070137471242295,0.08199802697488323,0.0,0.0,-0.20317013803601291
2022-01-17,4.175000190734863,0.0,0.0,0.0,0.0,0.0
2022-01-18,4.181000232696533,1.9207833646066819,-1.8387945694007368,0.0,0.0,0.14371357335467572
2022-01-19,4.181000232696533,1.7909385155464808,-0.9689541868338813,0.0,0.0,0.0
2022-01-20,4.190999984741211,-0.06899443333189259,-1.103737849414832,0.0,0.0,0.23917128648969221
2022-01-21,4.186999797821045,-2.025318878396498,-1.8914821867908604,0.0,0.0,-0.09544707551253362
2022-01-24,4.184999942779541,-2.14940315265868,0.2771738943381896,0.0,0.0,-0.04776343773755798
2022-01-25,4.186500072479248,2.7487708349970053,-1.2171906253646725,0.0,0.0,0.03584539355359073
2022-01-26,4.188000202178955,2.0443925598071955,-0.1496635847751837,0.0,0.0,0.03583254923529289
2022-01-27,4.190000057220459,-0.847164140465062,-0.538408875771057,0.0,0.0,0.047752028294167914
2022-01-28,4.195000171661377,0.24246516914070426,2.4347646888076113,0.0,0.0,0.11933447190057844
2022-01-31,4.188000202178955,1.5319072054016392,1.8885951732779516,0.0,0.0,-0.16686458154898665
2022-02-01,4.184000015258789,0.056716303457582384,0.686300355780145,0.0,0.0,-0.09551544238428633
2022-02-02,4.184000015258789,0.06803309531120405,0.942251544733641,0.0,0.0,0.0
2022-02-03,4.181000232696533,2.2773560595811926,-2.4391082077444004,0.0,0.0,-0.07169652369302115
2022-02-04,4.182000160217285,2.259888103899721,0.5156929864423399,0.0,0.0,0.023915988163114577
2022-02-07,4.177999973297119,-1.0724709023430812,-0.37017126347429485,0.0,0.0,-0.09565248127485493
2022-02-08,4.183499813079834,-2.1462977343655654,0.8401207191663262,0.0,0.0,0.13163809999678922
2022-02-09,4.182300090789795,0.33572409322819574,1.4517207887505545,0.0,0.0,-0.028677479231342673
2022-02-10,4.183000087738037,0.2453642452856286,-1.811572566845976,0.0,0.0,0.016737128686283853
2022-02-11,4.182000160217285,3.5825559847585176,-1.896945434456343,0.0,0.0,-0.023904554142450962
2022-02-14,4.188000202178955,2.5349093974556425,-0.38405967262932217,0.0,0.0,0.14347302084651847
2022-02-15,4.188000202178955,-3.5512250389282185,1.5766721170720421,0.0,0.0,0.0
2022-02-16,4.183800220489502,1.7269512029492784,0.08812077558950637,0.0,0.0,-0.10028609089531848
2022-02-17,4.183499813079834,-2.0286156860866766,-2.1173138152195015,0.0,0.0,-0.007180252254801456
2022-02-18,4.184999942779541,-0.7519642821954609,-0.71661613961429,0.0,0.0,0.03585824708338681
2022-02-21,4.184000015258789,0.0,0.0,0.0,0.0,-0.023893131049546046
2022-02-22,4.177000045776367,1.4055109076382521,-1.0142945264832837,0.0,0.0,-0.1673032852986034
2022-02-23,4.183000087738037,-0.2707092627295071,-1.8412122845487655,0.0,0.0,0.14364476648107694
2022-02-24,4.184000015258789,0.7709002130680265,1.4956856067329216,0.0,0.0,0.023904554142450962
2022-02-25,4.198500156402588,-1.314514872099748,2.237267765560347,0.0,0.0,0.34656168955349287
2022-02-28,4.198500156402588,4.5092314094830055,-0.24426034406476171,0.0,0.0,0.0
2022-03-01,4.196000099182129,8.033851173565365,-1.5473503680411893,0.0,0.0,-0.059546436282642556
2022-03-02,4.190499782562256,6.952900645381388,1.8642691757321028,0.0,0.0,-0.13108475905291295
2022-03-03,4.192999839782715,-2.649186569257833,-0.5254666430088317,0.0,0.0,0.05966012051503711
2022-03-04,4.184000015258789,7.439400271616936,-0.7934042550334475,0.0,0.0,-0.2146392765994487
2022-03-07,4.176000118255615,3.2157686816125297,-2.951815831344917,0.0,0.0,-0.19120212652961044
2022-03-08,4.174499988555908,3.601336153610757,-0.723375351819977,0.0,0.0,-0.03592264504852505
2022-03-09,4.179999828338623,-12.126111859385258,2.569824789143582,0.0,0.0,0.13174846802712636
2022-03-10,4.184999942779541,-2.4655017299143767,-0.4291813651667864,0.0,0.0,0.11961996761384874
2022-03-11,4.185999870300293,3.122057435194936,-1.2961545123475138,0.0,0.0,0.023893131049557148
2022-03-14,4.191999912261963,-5.780663668688469,-0.7421002465963666,0.0,0.0,0.14333593281357082
2022-03-15,4.202499866485596,-6.378021122779332,2.140857417087094,0.0,0.0,0.2504760124855787
2022-03-16,4.204999923706055,-1.4516813463681721,2.238376135718223,0.0,0.0,0.059489763233466775
2022-03-17,4.190000057220459,8.354379592718452,1.234781757145198,0.0,0.0,-0.3567150239654593
2022-03-18,4.195000171661377,1.670220950903456,1.1662294827948783,0.0,0.0,0.11933447190057844
2022-03-21,4.190999984741211,7.086920739842895,-0.043466036210393355,0.0,0.0,-0.095356060941032
2022-03-22,4.202499866485596,-0.32108508877336517,1.13041136006502,0.0,0.0,0.27439469783474557
2022-03-23,4.215000152587891,2.8364335257270445,-1.2272698789159042,0.0,0.0,0.2974488161673339
2022-03-24,4.2220001220703125,-2.2535490824048265,1.434391292056647,0.0,0.0,0.16607281682123887
2022-03-25,4.223999977111816,1.388646287023354,0.5066170567449069,0.0,0.0,0.04736747948086428
2022-03-28,4.208000183105469,-6.971029266933082,0.7144955276586762,0.0,0.0,-0.3787830040966944
2022-03-29,4.214000225067139,-1.6232552242020248,1.2256547427530462,0.0,0.0,0.14258654231431578
2022-03-30,4.211999893188477,3.4343840218928,-0.629370017469788,0.0,0.0,-0.04746871788859908
2022-03-31,4.202499866485596,-6.993137578249586,-1.5652540713177343,0.0,0.0,-0.22554669857053344
2022-04-01,4.203000068664551,-1.0071820388164898,0.34102225843584133,0.0,0.0,0.011902491251558622
2022-04-04,4.208000183105469,4.039490552869429,0.8090938687879357,0.0,0.0,0.11896536662456825
2022-04-05,4.215000152587891,-1.2780787281426842,-1.2551720801807331,0.0,0.0,0.16634907741985838
2022-04-06,4.209000110626221,-5.619846782061888,-0.9716916613271898,0.0,0.0,-0.14234974482708607
2022-04-07,4.2129998207092285,-0.20784014409193086,0.4253385628492534,0.0,0.0,0.09502755946502184
2022-04-08,4.215799808502197,2.3221945072172234,-0.2651026482054286,0.0,0.0,0.06646066727098443
2022-04-11,4.218999862670898,-4.040302396084828,-1.687729010355421,0.0,0.0,0.0759062174215952
2022-04-12,4.228000164031982,6.692117400917996,-0.3417447717741773,0.0,0.0,0.21332784200154276
2022-04-13,4.230500221252441,3.6282321881126567,1.1174577597236057,0.0,0.0,0.059130963185083374
2022-04-14,4.229000091552734,2.589925130208326,-1.214413784439794,0.0,0.0,-0.03545986576648508
2022-04-15,4.230000019073486,0.0,0.0,0.0,0.0,0.0236445376946115
2022-04-18,4.232999801635742,1.1781226481383023,-0.02048682840329885,0.0,0.0,0.07091684512363639
2022-04-19,4.251999855041504,-5.221330351798925,1.6057604355527166,0.0,0.0,0.4488555231781488
2022-04-20,4.252999782562256,0.18525979517276525,-0.06184750715809706,0.0,0.0,0.02351664051838398
2022-04-21,4.2789998054504395,1.012166341145826,-1.4752948498371943,0.0,0.0,0.6113337460017298
2022-04-22,4.28849983215332,-1.6571935692562545,-2.7740054250753654,0.0,0.0,0.2220151235057255
2022-04-25,4.322500228881836,-3.4584097088773413,0.5697936985382235,0.0,0.0,0.7928272836481343
2022-04-26,4.355000019073486,3.2068155097986217,-2.8146308431003852,0.0,0.0,0.7518748055695967
2022-04-27,4.322500228881836,0.314650643487302,0.20980468517017847,0.0,0.0,-0.7462638358050944
2022-04-28,4.357500076293945,3.273871865503697,2.474690007293945,0.0,0.0,0.8097130262307406
2022-04-29,4.361499786376953,-0.6359132166514847,-3.6284507106413955,0.0,0.0,0.09178909955198655
2022-05-02,4.35099983215332,0.45849242176463356,0.5675242812353654,0.0,0.0,-0.24074182592944693
2022-05-03,4.3520002365112305,-2.6243173479971738,0.48371263814863674,0.0,0.0,0.022992516582442946
2022-05-04,4.3520002365112305,5.27291641771741,2.986242108440229,0.0,0.0,0.0
2022-05-05,4.3520002365112305,0.4174052386858973,-3.5649708609806985,0.0,0.0,0.0
2022-05-06,4.347499847412109,1.3947852180307585,-0.5674224842484032,0.0,0.0,-0.1034096703709908
2022-05-09,4.367499828338623,-6.0854518624946285,-3.2037100632356763,0.0,0.0,0.46003408001080714
2022-05-10,4.38100004196167,-3.230181705260393,0.24578974498534745,0.0,0.0,0.3091062198892436
2022-05-11,4.379499912261963,5.964311167633074,-1.646320750393837,0.0,0.0,-0.034241718451011316
2022-05-12,4.374000072479248,0.3973116758895223,-0.12959645058717717,0.0,0.0,-0.12558145662513454
2022-05-13,4.390999794006348,4.108169907835513,2.386969542307149,0.0,0.0,0.3886538922132088
2022-05-16,4.395500183105469,3.357769170243774,-0.3946400929555671,0.0,0.0,0.10249121635723668
2022-05-17,4.395500183105469,-1.5761781702840816,2.0169632234863677,0.0,0.0,0.0
2022-05-18,4.382500171661377,-2.500004581709292,-4.03952607874526,0.0,0.0,-0.29575727226809345
2022-05-19,4.393499851226807,2.3907316672444834,-0.5833781800992588,0.0,0.0,0.25099096713234736
2022-05-20,4.400000095367432,0.9090137071412485,0.014614176965843662,0.0,0.0,0.14795139093517484
2022-05-23,4.386499881744385,-2.596487109638701,1.8555039930923556,0.0,0.0,-0.30682303023722435
2022-05-24,4.38700008392334,-0.47148813867470274,-0.8120797617175213,0.0,0.0,0.011403218794936443
2022-05-25,4.39300012588501,0.5101623440959102,0.9450764734207695,0.0,0.0,0.13676867670135984
2022-05-26,4.39300012588501,3.40795290894087,1.9883256167224195,0.0,0.0,0.0
2022-05-27,4.395500183105469,0.8589739577440358,2.474226295510973,0.0,0.0,0.05691001932204287
2022-05-30,4.376500129699707,0.0,0.0,0.0,0.0,-0.4322614631843358
2022-05-31,4.363800048828125,-0.34761582249043244,-0.6274368617659065,0.0,0.0,-0.2901880611266727
2022-06-01,4.375999927520752,0.51452339470337,-0.7482768681131846,0.0,0.0,0.2795700663668743
2022-06-02,4.380499839782715,1.3968424262639223,1.8431018038486124,0.0,0.0,0.10283163474622548
2022-06-03,4.388999938964844,1.7113031171366977,-1.6347313992415624,0.0,0.0,0.19404404732383806
2022-06-06,4.388500213623047,-0.3112667098787214,0.3137400778913113,0.0,0.0,-0.011385858937029703
2022-06-07,4.388999938964844,0.7679355798391407,0.9523393173235029,0.0,0.0,0.01138715546249447
2022-06-08,4.39300012588501,2.2611145343251815,-1.0793945785935621,0.0,0.0,0.09114119334232562
2022-06-09,4.391499996185303,-0.4913589969061327,-2.379869397635359,0.0,0.0,-0.034148182488491496
2022-06-10,4.390999794006348,-0.6913043803121521,-2.9110303335524668,0.0,0.0,-0.011390235213237787
2022-06-13,4.399499893188477,0.2154654348021534,-3.8768430665237275,0.0,0.0,0.19358004055776146
2022-06-14,4.415999889373779,-1.6538493301520352,-0.37736797459957394,0.0,0.0,0.3750425408771685
2022-06-15,4.420000076293945,-3.043809583194368,1.4592504858983224,0.0,0.0,0.09058394520777835
2022-06-16,4.410999774932861,1.9772776234240341,-3.2511951488163437,0.0,0.0,-0.2036267241115164
2022-06-17,4.400000095367432,-6.828811148376057,0.2200865698254617,0.0,0.0,-0.2493693068845615
2022-06-20,4.399499893188477,0.0,0.0,0.0,0.0,-0.011368231093489278
2022-06-21,4.39900016784668,0.9948922887682787,2.4477242280086964,0.0,0.0,-0.011358685167162097
2022-06-22,4.395999908447266,-4.0307266362120675,-0.13015723144006452,0.0,0.0,-0.06820321175123878
2022-06-23,4.4029998779296875,-1.8080852756353072,0.9532217409177868,0.0,0.0,0.15923497789367413
2022-06-24,4.4039998054504395,3.2128188466172602,3.056329358583576,0.0,0.0,0.022710141914017434
2022-06-27,4.399499893188477,1.8119279859469373,-0.2973071533776239,0.0,0.0,-0.10217784879086311
2022-06-28,4.401500225067139,1.9987245117330188,-2.0143036075892073,0.0,0.0,0.04546725598877366
2022-06-29,4.394499778747559,-1.771656513141484,-0.07117454091590814,0.0,0.0,-0.15904682407401616
2022-06-30,4.397299766540527,-3.6618661757760296,-0.8759278267998716,0.0,0.0,0.06371573407535358
2022-07-01,4.40500020980835,2.5245821813676406,1.0553814029047315,0.0,0.0,0.17511754205195018
2022-07-04,4.4045000076293945,0.0,0.0,0.0,0.0,-0.011355327017725791
2022-07-05,4.4105000495910645,-8.23572837779427,0.15841285142366157,0.0,0.0,0.13622526850440853
2022-07-06,4.416999816894531,-0.9748755986966118,0.35731642904301975,0.0,0.0,0.14737030337568235
2022-07-07,4.421999931335449,4.262665817183819,1.4964587965241805,0.0,0.0,0.11320159946108799
2022-07-08,4.42549991607666,2.005254055561867,-0.0830271529819071,0.0,0.0,0.0791493621790762
2022-07-11,4.424499988555908,-0.6680070345652545,-1.1527461422777274,0.0,0.0,-0.02259467946478244
2022-07-12,4.424499988555908,-7.925833692240081,-0.9243878717321574,0.0,0.0,0.0
2022-07-13,4.434500217437744,0.47997363464560294,-0.44569025122100925,0.0,0.0,0.2260194125370596
2022-07-14,4.434500217437744,-0.5399836510715961,-0.299863390215227,0.0,0.0,0.0
2022-07-15,4.441500186920166,1.8897448127604077,1.9201249359436678,0.0,0.0,0.15785250060189604
2022-07-18,4.446499824523926,5.133725099121933,-0.8363571580831342,0.0,0.0,0.11256641660137845
2022-07-19,4.450500011444092,1.5789500688839109,2.762829164595959,0.0,0.0,0.08996260155242908
2022-07-20,4.447500228881836,-1.8806362133138244,0.5895806193263242,0.0,0.0,-0.06740327052111583
2022-07-21,4.44950008392334,-5.779389339573926,0.986137270919718,0.0,0.0,0.04496582211546141
2022-07-22,4.454500198364258,-1.7125080975710527,-0.9332466976346709,0.0,0.0,0.11237474652454615
2022-07-25,4.44950008392334,2.111932486220769,0.13151670479691902,0.0,0.0,-0.11224860743644927
2022-07-26,4.451000213623047,-1.7786904297724115,-1.154320266205866,0.0,0.0,0.03371456728649136
2022-07-27,4.453499794006348,2.400503999487835,2.6156273782937722,0.0,0.0,0.05615772328320112
2022-07-28,4.455999851226807,-0.8636684647699067,1.2133338697180918,0.0,0.0,0.05613691110581964
2022-07-29,4.449999809265137,2.2816890887945362,1.4207760082581844,0.0,0.0,-0.13465085641818364
2022-08-01,4.447999954223633,-4.796190656258648,-0.28230841271976725,0.0,0.0,-0.04494056465665919
2022-08-02,4.449999809265137,0.5644890645886136,-0.6662395550704803,0.0,0.0,0.04496077028068868
2022-08-03,4.453000068664551,-3.9822014189284327,1.5638477163140152,0.0,0.0,0.06742156242720565
2022-08-04,4.454999923706055,-2.338410170909877,-0.07773401640558397,0.0,0.0,0.044910285440513675
2022-08-05,4.455999851226807,0.5308348947856256,-0.16257460597355333,0.0,0.0,0.022445062578579922
2022-08-08,4.453499794006348,1.9660711807664155,-0.12375507238541195,0.0,0.0,-0.05610541525872259
2022-08-09,4.456500053405762,-0.2864721574600715,-0.4248692893594086,0.0,0.0,0.06736857613538483
2022-08-10,4.453000068664551,1.5801108344483783,2.1290637641290244,0.0,0.0,-0.07853662513783721
2022-08-11,4.454999923706055,2.6215555582665973,-0.07054739583503,0.0,0.0,0.044910285440513675
2022-08-12,4.442999839782715,-2.384990552619215,1.7322368774566943,0.0,0.0,-0.26936215777434436
2022-08-15,4.441800117492676,-2.910188709257844,0.39695418998517695,0.0,0.0,-0.027002528320996255
2022-08-16,4.456999778747559,-3.2211215354563283,0.18756797165810912,0.0,0.0,0.3421959757942128
2022-08-17,4.464000225067139,1.82595845758029,-0.7237794954094601,0.0,0.0,0.15706633760586008
2022-08-18,4.4654998779296875,2.7125177313500615,0.2269561170191503,0.0,0.0,0.03359437246726049
2022-08-19,4.4720001220703125,0.29833883211758394,-1.2900001139847905,0.0,0.0,0.14556587881127125
2022-08-22,4.473999977111816,-0.5949028380558663,-2.14000649197158,0.0,0.0,0.04471947645157126
2022-08-23,4.482500076293945,3.890052506094932,-0.22378626777133093,0.0,0.0,0.1899888070096889
2022-08-24,4.490300178527832,1.2267991808045275,0.29161604463010526,0.0,0.0,0.17401231681262175
2022-08-25,4.486499786376953,-2.497631743941786,1.4091605518061545,0.0,0.0,-0.08463559227180895
2022-08-26,4.46999979019165,0.5836585982710529,-3.3688058719518743,0.0,0.0,-0.36776990908156115
2022-08-29,4.465000152587891,4.2445784238815065,-0.6666355799502699,0.0,0.0,-0.11184872121762224
2022-08-30,4.479499816894531,-5.5355145122468645,-1.1028155571448206,0.0,0.0,0.324740510887489
2022-08-31,4.473999977111816,-2.2806594847344708,-0.7817025105971265,0.0,0.0,-0.12277798878285173
2022-09-01,4.473499774932861,-3.2830846914734257,0.29962320243361873,0.0,0.0,-0.011180200749083546
2022-09-02,4.478499889373779,0.3001987465629741,-1.0736500458081055,0.0,0.0,0.11177187196780292
2022-09-05,4.481500148773193,0.0,0.0,0.0,0.0,0.06699250806130319
2022-09-06,4.489799976348877,0.011505130102373862,-0.4095056983834944,0.0,0.0,0.1852019926398052
2022-09-07,4.498000144958496,-5.685997891554228,1.8341016392734,0.0,0.0,0.18263995395819688
2022-09-08,4.499000072479248,1.9526463588589893,0.6610721877456038,0.0,0.0,0.022230491074415326
2022-09-09,4.49399995803833,3.8903518845855523,1.5271449816332883,0.0,0.0,-0.11113834986364868
2022-09-12,4.495500087738037,1.1406819372350219,1.05842727693497,0.0,0.0,0.03338072349163834
2022-09-13,4.500999927520752,-0.5354308808830588,-4.32366134006168,0.0,0.0,0.12234100045322993
2022-09-14,4.502500057220459,1.3400593643982717,0.33870120853238816,0.0,0.0,0.033328809683697
2022-09-15,4.524499893188477,-3.8200777063461033,-1.1317739184353415,0.0,0.0,0.48861378541766864
2022-09-16,4.53249979019165,0.011753391785918055,-0.7182134089448455,0.0,0.0,0.1768128454421536
2022-09-19,4.53249979019165,0.7284722619384176,0.6857100716286535,0.0,0.0,0.0
2022-09-20,4.547500133514404,-1.4930670227109921,-1.1272103097361819,0.0,0.0,0.3309507780941301
2022-09-21,4.556000232696533,-1.7880338204883328,-1.7116493600784488,0.0,0.0,0.18691806338793082
2022-09-22,4.550000190734863,0.6631244347404364,-0.8427580979689431,0.0,0.0,-0.13169538312597373
2022-09-23,4.565000057220459,-5.68930425384675,-1.7232619015461026,0.0,0.0,0.32966738146824603
2022-09-26,4.576000213623047,-2.5781036758586673,-1.0340526208282075,0.0,0.0,0.24096727852584987
2022-09-27,4.577000141143799,2.3334649157747966,-0.21203598092424114,0.0,0.0,0.02185156193339477
2022-09-28,4.608500003814697,4.6496834724572,1.9672139926234733,0.0,0.0,0.6882207056918777
2022-09-29,4.627999782562256,-1.119900367446125,-2.1126437880238824,0.0,0.0,0.4231263693483367
2022-09-30,4.630499839782715,-2.1420724132169333,-1.5066695771983274,0.0,0.0,0.05402025362832852
2022-10-03,4.634500026702881,5.208201661728062,2.5883894952576147,0.0,0.0,0.08638779955889575
2022-10-04,4.645500183105469,3.4556970997991154,3.0583700679551518,0.0,0.0,0.23735368085462394
2022-10-05,4.637499809265137,1.4332010416963303,-0.2017948757084831,0.0,0.0,-0.17221770584419094
2022-10-06,4.629000186920166,0.7862292561714224,-1.0245080846639998,0.0,0.0,-0.1832802737369299
2022-10-07,4.635000228881836,4.737142550562323,-2.8003617786773516,0.0,0.0,0.12961852925872375
2022-10-10,4.647500038146973,-1.6299677743728425,-0.749246363390188,0.0,0.0,0.2696830344742551
2022-10-11,4.6479997634887695,-1.9532523131181256,-0.6519175777754405,0.0,0.0,0.010752562403326671
2022-10-12,4.671000003814697,-2.32792598385676,-0.3290773148014958,0.0,0.0,0.49484168451556787
2022-10-13,4.679999828338623,2.1084038479006306,2.596564246086497,0.0,0.0,0.19267447048973985
2022-10-14,4.690000057220459,-3.9277297452890103,-2.366266361565439,0.0,0.0,0.21368011215048277
2022-10-17,4.69950008392334,-0.17521495714224455,2.6480052302171098,0.0,0.0,0.2025592022809386
2022-10-18,4.7144999504089355,-3.089163840311937,1.1427569666488724,0.0,0.0,0.31918004506286124
2022-10-19,4.715000152587891,3.2963093057149617,-0.6672097293450308,0.0,0.0,0.010609867095490166
2022-10-20,4.7179999351501465,0.5026303797039278,-0.7950909706564868,0.0,0.0,0.06362210954775627
2022-10-21,4.7270002365112305,-1.0816472073338024,2.372481982226482,0.0,0.0,0.190765186197428
2022-10-24,4.735499858856201,-0.552617523619725,1.1881976654619875,0.0,0.0,0.17981006811296218
2022-10-25,4.735499858856201,0.8749087819218238,1.6266654579669915,0.0,0.0,0.0
2022-10-26,4.732500076293945,3.035635228022948,-0.7387716072364547,0.0,0.0,-0.06334669309820962
2022-10-27,4.710999965667725,1.3309044707156659,-0.6082610618211248,0.0,0.0,-0.4543076657075873
2022-10-28,4.7129998207092285,-1.3246523135616028,2.46263778959277,0.0,0.0,0.04245075474587079
2022-10-31,4.71999979019165,-1.5585924036402687,-0.745440410765752,0.0,0.0,0.14852471353092866
2022-11-01,4.71999979019165,2.126434754700801,-0.4101230608784645,0.0,0.0,0.0
2022-11-02,4.734000205993652,1.84451420477183,-2.500198485734284,0.0,0.0,0.29661899204096454
2022-11-03,4.736000061035156,-2.03333536783854,-1.058599231542967,0.0,0.0,0.042244506854305364
2022-11-04,4.742000102996826,5.035729311118531,1.3618724670070526,0.0,0.0,0.1266900735714671
2022-11-07,4.745500087738037,-0.8854332031313694,0.9613981920559844,0.0,0.0,0.0738081962292414
2022-11-08,4.745500087738037,-3.137593664552174,0.5597892802462701,0.0,0.0,0.0
2022-11-09,4.734000205993652,-3.4641791746627515,-2.077788695478977,0.0,0.0,-0.24233234710288043
2022-11-10,4.689499855041504,0.745659298607726,5.543448436034493,0.0,0.0,-0.94001582204849
2022-11-11,4.697999954223633,2.8796089147890003,0.9240746788147902,0.0,0.0,0.18125811802702785
2022-11-14,4.625,-3.473467142188813,-0.8935777048800997,0.0,0.0,-1.5538517440385258
2022-11-15,4.59250020980835,1.2227732488398813,0.8713116550319144,0.0,0.0,-0.7026981663059595
2022-11-16,4.5625,-1.5301447987488226,-0.8252046497990273,0.0,0.0,-0.6532435152485583
2022-11-17,4.542500019073486,-4.615021751664128,-0.30893228355314273,0.0,0.0,-0.4383557463345511
2022-11-18,4.551300048828125,-1.9108250493097723,0.47585819088147296,0.0,0.0,0.1937265760635798
2022-11-21,4.551300048828125,-0.4370610216262061,-0.3883688698329779,0.0,0.0,0.0
2022-11-22,4.576499938964844,1.5301562021099446,1.3579987927526016,0.0,0.0,0.5536855374588479
2022-11-23,4.567500114440918,-3.718338011501676,0.5914689147847652,0.0,0.0,-0.19665300216220594
2022-11-24,4.572000026702881,0.0,0.0,0.0,0.0,0.09852024409886528
2022-11-25,4.492499828338623,-2.1298481012460013,-0.02830441976333642,0.0,0.0,-1.7388494728769688
2022-11-28,4.477499961853027,1.2585200574664945,-1.5444192913123267,0.0,0.0,-0.33388685717864464
2022-11-29,4.474999904632568,1.2428781862032556,-0.15918653377758885,0.0,0.0,-0.0558360076328035
2022-11-30,4.50629997253418,3.0051230117962957,3.0947872397389053,0.0,0.0,0.6994428730425106
2022-12-01,4.475299835205078,0.8317791974691735,-0.08676332180498347,0.0,0.0,-0.687928844463237
2022-12-02,4.402500152587891,-1.5267149041281347,-0.1194660488065602,0.0,0.0,-1.626699557524769
2022-12-05,4.385499954223633,-3.8134570189329753,-1.7894212283564803,0.0,0.0,-0.38614872856426175
2022-12-06,4.366000175476074,-3.483686851091139,-1.4399194981406072,0.0,0.0,-0.4446420921468408
2022-12-07,4.392499923706055,-3.016832139756942,-0.18623708845491027,0.0,0.0,0.6069571040979271
2022-12-08,4.394999980926514,-0.7637870232489408,0.752178195750397,0.0,0.0,0.056916500031478634
2022-12-09,4.395500183105469,-0.6157325035592631,-0.7349578247904498,0.0,0.0,0.011381164530743781
2022-12-12,4.401000022888184,3.0273185405575553,1.4279296218109305,0.0,0.0,0.12512432154716535
2022-12-13,4.4145002365112305,3.0340320845399837,0.728966443879342,0.0,0.0,0.3067533186284166
2022-12-14,4.426000118255615,2.5069629990048137,-0.6052724634100337,0.0,0.0,0.260502460715073
2022-12-15,4.388000011444092,-1.5139728098167993,-2.4921675023714007,0.0,0.0,-0.8585654269367748
2022-12-16,4.414000034332275,-2.391275364904788,-1.1137750774080746,0.0,0.0,0.5925255884315028
2022-12-19,4.421999931335449,1.2114706081404858,-0.9007516001852345,0.0,0.0,0.18123916948233898
2022-12-20,4.422999858856201,1.1969595255509224,0.10373383615349674,0.0,0.0,0.022612563009460906
2022-12-21,4.431000232696533,2.8913190741490125,1.4867993802734736,0.0,0.0,0.18088116879120264
2022-12-22,4.434000015258789,-1.0218457560384864,-1.445169956861636,0.0,0.0,0.06769989629249462
2022-12-23,4.421999931335449,2.6713121072262203,0.5868102525282026,0.0,0.0,-0.2706378863789771
2022-12-26,4.422500133514404,0.0,0.0,0.0,0.0,0.01131167315064907
2022-12-27,4.422500133514404,-0.03770585748796851,-0.4049622110409712,0.0,0.0,0.0
2022-12-28,4.420000076293945,-0.7167103024935506,-1.2020638322615351,0.0,0.0,-0.05653040463500236
2022-12-29,4.420000076293945,-0.7092167744260691,1.7461331644819111,0.0,0.0,0.0
2022-12-30,4.420000076293945,2.372449711927116,-0.25407424823445934,0.0,0.0,0.0
2023-01-02,4.402500152587891,0.0,0.0,0.0,0.0,-0.39592586886848524
2023-01-03,4.402500152587891,-4.149017869950288,-0.4000548879248611,0.0,0.0,0.0
2023-01-04,4.403500080108643,-5.316526648980114,0.7538970575044379,0.0,0.0,0.022712719729578446
2023-01-05,4.4019999504089355,1.139486371202536,-1.1645528874622113,0.0,0.0,-0.03406675763407696
2023-01-06,4.385000228881836,0.13573839637102125,2.284078102943865,0.0,0.0,-0.3861817746163343
2023-01-09,4.401000022888184,1.1657864301019893,-0.07676325452631305,0.0,0.0,0.3648755569261919
2023-01-10,4.373000144958496,0.6565798086527685,0.6978233159061986,0.0,0.0,-0.6362162641233571
2023-01-11,4.369999885559082,3.0484569113404802,1.2849424614881588,0.0,0.0,-0.06860871941367641
2023-01-12,4.36899995803833,1.265980727525462,0.34159058663651987,0.0,0.0,-0.02288163722969916
2023-01-13,4.35699987411499,1.8752407604907262,0.39968583635343613,0.0,0.0,-0.2746643176606445
2023-01-16,4.332499980926514,0.0,0.0,0.0,0.0,-0.5623110832302491
2023-01-17,4.313499927520752,0.4007008419465663,-0.20304911890052235,0.0,0.0,-0.4385471088149573
2023-01-18,4.323999881744385,-0.8730318602867326,-1.5562598500411085,0.0,0.0,0.24342075808652108
2023-01-19,4.310999870300293,1.0694494693261003,-0.7638350296294338,0.0,0.0,-0.30064782145292623
2023-01-20,4.306000232696533,1.2199622870669558,1.8918401045981525,0.0,0.0,-0.11597396785381076
2023-01-23,4.2829999923706055,0.38126330992063195,1.188134498366522,0.0,0.0,-0.5341439638409939
2023-01-24,4.2820000648498535,-1.8255396263466284,-0.07115031258156934,0.0,0.0,-0.023346428263670838
2023-01-25,4.2820000648498535,0.024964773676039442,-0.01817250594663422,0.0,0.0,0.0
2023-01-26,4.2829999923706055,1.0729888883082461,1.1007853469181317,0.0,0.0,0.023351880093613886
2023-01-27,4.243000030517578,-1.6417748376528762,0.2494840970949097,0.0,0.0,-0.9339239300555691
2023-01-30,4.241499900817871,-2.2339342024089492,-1.296874098468337,0.0,0.0,-0.03535540157711958
2023-01-31,4.241499900817871,1.2451876786945704,1.4642470285510134,0.0,0.0,0.0
2023-02-01,4.263299942016602,-3.1190554061179654,1.045230394459029,0.0,0.0,0.5139700980430817
2023-02-02,4.263500213623047,-0.6936348426773153,1.4699373244309921,0.0,0.0,0.004697572518219673
2023-02-03,4.243000030517578,-3.2814944041888117,-1.0354610691310495,0.0,0.0,-0.4808298833893554
2023-02-06,4.255499839782715,0.9810617613994488,-0.6140463017754394,0.0,0.0,0.2945983779220507
2023-02-07,4.262499809265137,4.088515388399072,1.287251059802652,0.0,0.0,0.16449229810755472
2023-02-08,4.301000118255615,1.7241403183536397,-1.1080724476164705,0.0,0.0,0.9032330959122259
2023-02-09,4.297500133514404,-0.5224973311217407,-0.8829796177735161,0.0,0.0,-0.08137606707694367
2023-02-10,4.311999797821045,2.1265740635763253,0.21952617756952897,0.0,0.0,0.33739764644946657
2023-02-13,4.329999923706055,0.5268416489138783,1.1448609342766147,0.0,0.0,0.41744264213801063
2023-02-14,4.360000133514404,-1.3476439222361525,-0.02804145319874607,0.0,0.0,0.6928455043175186
2023-02-15,4.3470001220703125,-0.5944867634922413,0.2773175690496066,0.0,0.0,-0.29816539096325645
2023-02-16,4.389999866485596,-0.1272407160971989,-1.3788741489130674,0.0,0.0,0.9891820383663541
2023-02-17,4.401500225067139,-2.739204464765732,-0.2767405825327751,0.0,0.0,0.2619671738338658
2023-02-20,4.429500102996826,0.0,0.0,0.0,0.0,0.6361439622387
2023-02-21,4.427999973297119,-0.2357776845895776,-2.0041234255327334,0.0,0.0,-0.03386679455525954
2023-02-22,4.429999828338623,-2.9017943902314935,-0.1573556145886834,0.0,0.0,0.04516384493142844
2023-02-23,4.439000129699707,1.9472650450737872,0.5329429416074394,0.0,0.0,0.20316708148631069
2023-02-24,4.43149995803833,1.233585770931156,-1.0537551485558128,0.0,0.0,-0.1689608344725202
2023-02-27,4.433000087738037,-0.8385736271063426,0.30730045671669703,0.0,0.0,0.03385151108905582
2023-02-28,4.4730000495910645,1.8102573216933981,-0.30360018281855305,0.0,0.0,0.9023226045871136
2023-03-01,4.485000133514404,0.8306286363396032,-0.4725264845680033,0.0,0.0,0.2682781978604387
2023-03-02,4.46999979019165,0.6049700166473881,0.7582194086794392,0.0,0.0,-0.3344558054895752
2023-03-03,4.4730000495910645,1.9447243754458388,1.6147737160748799,0.0,0.0,0.06711990022902903
2023-03-06,4.473499774932861,0.9789141268944146,0.06871667698291617,0.0,0.0,0.011172039710638515
2023-03-07,4.473499774932861,-3.579414971648631,-1.5326919115337678,0.0,0.0,0.0
2023-03-08,4.475500106811523,-1.1858702593856352,0.141479401368394,0.0,0.0,0.044715144278550945
2023-03-09,4.521999835968018,-1.2261967081940828,-1.845935787384867,0.0,0.0,1.0389839804879841
2023-03-10,4.519000053405762,1.2678276135713817,-1.447813845705137,0.0,0.0,-0.06633752036865337
2023-03-13,4.517000198364258,-2.451743930537087,-0.1509761003189447,0.0,0.0,-0.04425437083136474
2023-03-14,4.49429988861084,-4.639038875843438,1.6476655480623936,0.0,0.0,-0.502552773002718
2023-03-15,4.48199987411499,-5.21519854929201,-0.698088356543769,0.0,0.0,-0.27368032398148445
2023-03-16,4.481299877166748,1.094509476540706,1.7562006217166637,0.0,0.0,-0.015617960015679166
2023-03-17,4.5,-2.355523988725683,-1.1019457310067593,0.0,0.0,0.41729237823457943
2023-03-20,4.482999801635742,1.3485189611722737,0.8918403718310097,0.0,0.0,-0.37778218587239953
2023-03-21,4.483500003814697,2.4985252168185035,1.2982193897784988,0.0,0.0,0.01115775599125346
2023-03-22,4.46999979019165,2.2645314486649415,-1.6463223775713631,0.0,0.0,-0.3011088125696504
2023-03-23,4.452499866485596,-1.3258144163271202,0.2984528733375402,0.0,0.0,-0.39149719300779484
2023-03-24,4.415500164031982,-1.0005674062359304,0.5639807253104534,0.0,0.0,-0.8309871659315182
2023-03-27,4.42549991607666,5.125606862357079,0.16469543057482383,0.0,0.0,0.22646929392358128
2023-03-28,4.418000221252441,0.5356398883746616,-0.15738434957162095,0.0,0.0,-0.1694654833677478
2023-03-29,4.40749979019165,-0.3142018266772406,1.423726887983645,0.0,0.0,-0.2376738464221817
2023-03-30,4.419899940490723,1.9185987425770934,0.5715269388667954,0.0,0.0,0.28134205080774244
2023-03-31,4.420000076293945,1.7480104536140129,1.4436542471763847,0.0,0.0,0.0022655671976901104
2023-04-03,4.4105000495910645,6.2772566604202495,0.36988464765423945,0.0,0.0,-0.21493272712443945
2023-04-04,4.416999816894531,0.3606079608682755,-0.5796972083329965,0.0,0.0,0.14737030337568235
2023-04-05,4.4039998054504395,-0.12389849492679961,-0.2492370531228194,0.0,0.0,-0.2943176812996051
2023-04-06,4.396999835968018,0.11164413498225834,0.35791630944272956,0.0,0.0,-0.15894572642257687
2023-04-07,4.396500110626221,0.0,0.0,0.0,0.0,-0.011365143516928189
2023-04-10,4.4105000495910645,-1.1895899885700834,0.09963029974375814,0.0,0.0,0.3184337225650591
2023-04-11,4.410999774932861,2.2447967939319913,-0.004135247794623265,0.0,0.0,0.011330355655325697
2023-04-12,4.415999889373779,2.121922461469361,-0.4134884052006904,0.0,0.0,0.11335558141110091
2023-04-13,4.409999847412109,-1.321160756543427,1.326268999363811,0.0,0.0,-0.1358705188400866
2023-04-14,4.3979997634887695,0.43816086284214073,-0.20693734728036706,0.0,0.0,-0.27211075597614043
2023-04-17,4.399499893188477,-2.0479821628224926,0.330615690296554,0.0,0.0,0.034109362900847096
2023-04-18,4.41949987411499,0.037113421523327084,0.08552202959737354,0.0,0.0,0.4545966908074961
2023-04-19,4.432000160217285,-2.102395418513703,-0.00842619976980652,0.0,0.0,0.2828439067395161
2023-04-20,4.427499771118164,-2.3623075544109917,-0.595254815297297,0.0,0.0,-0.10154307167038468
2023-04-21,4.435500144958496,0.7504228544240599,0.09031888869577287,0.0,0.0,0.1806973292809877
2023-04-24,4.434999942779541,1.1429297011133155,0.08515791660903549,0.0,0.0,-0.011277244112450902
2023-04-25,4.435299873352051,-2.1457623102689505,-1.5810858882773227,0.0,0.0,0.006762808937521569
2023-04-26,4.442999839782715,-3.5941308603020916,-0.3841187197329843,0.0,0.0,0.17360644489736732
2023-04-27,4.454999923706055,0.6191104516539703,1.956614972249704,0.0,0.0,0.27008967715664856
2023-04-28,4.460000038146973,2.7019751007838266,0.8253202753460531,0.0,0.0,0.1122360163085867
2023-05-01,4.458000183105469,-1.458706870270876,-0.03861064902076494,0.0,0.0,-0.04483979875333777
2023-05-02,4.458000183105469,-5.286809154627637,-1.1586262936400304,0.0,0.0,0.0
2023-05-03,4.461999893188477,-4.270171687984825,-0.6998305064656485,0.0,0.0,0.08971982769685471
2023-05-04,4.450500011444092,-0.058310373785841474,-0.7218732334382416,0.0,0.0,-0.2577293146496906
2023-05-05,4.451000213623047,4.054840837648799,1.8474751389515376,0.0,0.0,0.011239235539117765
2023-05-08,4.434500217437744,2.5511738402656636,0.04521286642489297,0.0,0.0,-0.37070310926523575
2023-05-09,4.434999942779541,0.7517706326306994,-0.4579421277258522,0.0,0.0,0.011269034102912023
2023-05-10,4.447000026702881,-1.5601703163243719,0.44839652634049987,0.0,0.0,0.2705768676023679
2023-05-11,4.447000026702881,-2.3290998744135982,-0.16966239932159066,0.0,0.0,0.0
2023-05-12,4.462500095367432,-1.1711609974429105,-0.15833068345566526,0.0,0.0,0.3485511259608165
2023-05-15,4.476500034332275,1.5276980023382736,0.2958164439133881,0.0,0.0,0.3137241157569415
2023-05-16,4.494999885559082,-0.35156799023231544,-0.6377683373153031,0.0,0.0,0.41326596861215315
2023-05-17,4.492000102996826,2.780131532224872,1.1890829058788244,0.0,0.0,-0.06673598751121279
2023-05-18,4.519999980926514,-1.331870378025335,0.9445048649426635,0.0,0.0,0.6233276332965332
2023-05-19,4.533999919891357,-0.43139097684490313,-0.14458676054706077,0.0,0.0,0.3097331642460288
2023-05-22,4.535999774932861,0.6149473001328065,0.01550346964389604,0.0,0.0,0.04410796375911019
2023-05-23,4.545499801635742,1.277963363856216,-1.122202674755013,0.0,0.0,0.20943622518194704
2023-05-24,4.566999912261963,1.9613120339539991,-0.7318600335353365,0.0,0.0,0.47299772444129307
2023-05-25,4.589000225067139,-3.3763715771890745,0.8757581265902425,0.0,0.0,0.481723521520272
2023-05-26,4.623000144958496,1.1694226875648805,1.304908677799732,0.0,0.0,0.7409003753287013
2023-05-29,4.598499774932861,0.0,0.0,0.0,0.0,-0.5299668885442976
2023-05-30,4.602499961853027,-4.417227418954872,0.001660326849850513,0.0,0.0,0.08698895544090313
2023-05-31,4.5980000495910645,-1.9723621719544338,-0.6108624209833935,0.0,0.0,-0.09777104398174252
2023-06-01,4.61299991607666,2.951978622903728,0.9854453563032717,0.0,0.0,0.3262258878603097
2023-06-02,4.611000061035156,2.3395141588396395,1.4534424705965554,0.0,0.0,-0.04335259219351295
2023-06-05,4.574999809265137,0.5715133458575661,-0.20035816359177394,0.0,0.0,-0.7807471544890365
2023-06-06,4.574999809265137,-0.568265631931153,0.23538963079141606,0.0,0.0,0.0
2023-06-07,4.605000019073486,1.101200082313225,-0.38120096998572883,0.0,0.0,0.6557423182312228
2023-06-08,4.605000019073486,-1.7096344748918968,0.6188642614241457,0.0,0.0,0.0
2023-06-09,4.617000102996826,-1.5710516653087758,0.1148059539441082,0.0,0.0,0.2605881405784327
2023-06-12,4.611499786376953,-4.346580450265847,0.9321148810237156,0.0,0.0,-0.11913182796557953
2023-06-13,4.617499828338623,3.426691490235978,0.6932489951473775,0.0,0.0,0.13011042479922352
2023-06-14,4.613999843597412,-1.6565853589914914,0.08194255259321714,0.0,0.0,-0.07579826467412065
2023-06-15,4.61899995803833,3.4422238451278675,1.217813742034668,0.0,0.0,0.10836832705698463
2023-06-16,4.623499870300293,1.642588484281804,-0.36716195284263176,0.0,0.0,0.09742178616243269
2023-06-19,4.611999988555908,0.0,0.0,0.0,0.0,-0.248726766886187
2023-06-20,4.625,-1.7832248552030583,-0.47351076976228645,0.0,0.0,0.2818736226441798
2023-06-21,4.638000011444092,2.879430892619683,-0.5245281583003636,0.0,0.0,0.2810813285208935
2023-06-22,4.644000053405762,-4.163789733756951,0.3710798414438443,0.0,0.0,0.12936701049730548
2023-06-23,4.6479997634887695,-0.503522462040995,-0.7658808766684566,0.0,0.0,0.08612640045244646
2023-06-26,4.673999786376953,0.3036423848365333,-0.44868382932564677,0.0,0.0,0.5593808995521199
2023-06-27,4.671000003814697,-2.4073889753768674,1.1455854954693034,0.0,0.0,-0.06418020323832874
2023-06-28,4.6620001792907715,2.7474160918700807,-0.035407668843834283,0.0,0.0,-0.19267447048973985
2023-06-29,4.669000148773193,0.43128674854409077,0.4473544672805918,0.0,0.0,0.15014948977301046
2023-06-30,4.669000148773193,1.1165169946782072,1.2269004495714109,0.0,0.0,0.0
2023-07-03,4.664999961853027,-1.2032821085296463,0.11706778016009611,0.0,0.0,-0.08567545068973725
2023-07-04,4.6645002365112305,0.0,0.0,0.0,0.0,-0.01071222606394695
2023-07-05,4.649499893188477,2.865740039781306,-0.19683184132291975,0.0,0.0,-0.3215852194697999
2023-07-06,4.650000095367432,0.013932492133883478,-0.7922511336500904,0.0,0.0,0.010758193148641126
2023-07-07,4.659999847412109,2.8690772577109502,-0.28651005386203243,0.0,0.0,0.21504842665789337
2023-07-10,4.666999816894531,-1.1779078518719954,0.2405026057131332,0.0,0.0,0.15021394230965157
2023-07-11,4.668000221252441,2.5208987822131323,0.674221105588857,0.0,0.0,0.021435705960137774
2023-07-12,4.6554999351501465,1.2294509507328577,0.7411233485312474,0.0,0.0,-0.2677867504243814
2023-07-13,4.6479997634887695,1.5049496893048575,0.8470153458069118,0.0,0.0,-0.16110346398565678
2023-07-14,4.586999893188477,-1.9118236862686544,-0.10244071333035398,0.0,0.0,-1.312389703189376
2023-07-17,4.523499965667725,-1.6838990637755513,0.38553825145495324,0.0,0.0,-1.3843455199344379
2023-07-18,4.5370001792907715,2.1577861647955388,0.7117275205842377,0.0,0.0,0.2984461970931829
2023-07-19,4.539999961853027,-0.5280548196421209,0.2357910335732072,0.0,0.0,0.06611819360176074
2023-07-20,4.539999961853027,0.37159759119709257,-0.6756896218903741,0.0,0.0,0.0
2023-07-21,4.539999961853027,1.9040096439262744,0.03240945218980773,0.0,0.0,0.0
2023-07-24,4.563499927520752,2.1668589276735872,0.4034153877153557,0.0,0.0,0.5176203935062018
2023-07-25,4.571000099182129,1.1303015161217678,0.2814673351556163,0.0,0.0,0.16435130449210522
2023-07-26,4.571000099182129,-1.0674350162489965,-0.015543889679858758,0.0,0.0,0.0
2023-07-27,4.550000190734863,1.6628555202999218,-0.6424666064487883,0.0,0.0,-0.45941605757180426
2023-07-28,4.51800012588501,0.6118185985385605,0.9877842794752345,0.0,0.0,-0.7032980990861248
2023-07-31,4.552000045776367,1.5140248113433952,0.14687129405193122,0.0,0.0,0.7525435799915492
2023-08-01,4.5279998779296875,-0.5256727251021109,-0.2665087639215691,0.0,0.0,-0.5272444553015454
2023-08-02,4.519499778747559,-2.3104397435840918,-1.3839541336347905,0.0,0.0,-0.1877230435354038
2023-08-03,4.554500102996826,2.591527542268568,-0.25479738404268204,0.0,0.0,0.7744291616929022
2023-08-04,4.541500091552734,1.5573226186887723,-0.5300074155050516,0.0,0.0,-0.28543223515437033
2023-08-07,4.552499771118164,-1.0625419665063918,0.902409277936278,0.0,0.0,0.24220366274767535
2023-08-08,4.55649995803833,1.1959918212595122,-0.4218283044793103,0.0,0.0,0.08786792138999466
2023-08-09,4.579999923706055,1.7848569580502849,-0.7038730380597102,0.0,0.0,0.5157459867033864
2023-08-10,4.56850004196167,-1.87204005034316,0.025071394456976925,0.0,0.0,-0.2510891252390901
2023-08-11,4.569499969482422,0.44675531024562787,-0.10696923700230787,0.0,0.0,0.02188743595419318
2023-08-14,4.584499835968018,-0.8174062810669236,0.5750475751703066,0.0,0.0,0.32826056649026825
2023-08-15,4.617000102996826,-1.8422060757570802,-1.1550909428841738,0.0,0.0,0.7089163091211326
2023-08-16,4.632999897003174,-1.9879005467560162,-0.7555395210577687,0.0,0.0,0.34654090642021185
2023-08-17,4.626999855041504,1.2723635313391046,-0.7712913029036983,0.0,0.0,-0.12950662842774463
2023-08-18,4.650000095367432,1.0697855664647538,-0.014870682600087726,0.0,0.0,0.49708755233408564
2023-08-21,4.644999980926514,-0.6523061899038507,0.6879188518795987,0.0,0.0,-0.10752934061011299
2023-08-22,4.646500110626221,-0.45837802401709205,-0.2777466728829614,0.0,0.0,0.032295580320051975
2023-08-23,4.645999908447266,-1.8170492995627008,1.1044879965972587,0.0,0.0,-0.010765138642976346
2023-08-24,4.645999908447266,0.20281868848686102,-1.3457974663146133,0.0,0.0,0.0
2023-08-25,4.64300012588501,0.9867156852431336,0.6717966037625089,0.0,0.0,-0.06456699572467972
2023-08-28,4.637499809265137,0.3382145019084515,0.6264619755036449,0.0,0.0,-0.11846470968649436
2023-08-29,4.6519999504089355,1.3233523198265207,1.450830719454621,0.0,0.0,0.31267152000371556
2023-08-30,4.64300012588501,0.579095083910186,0.3833182103508026,0.0,0.0,-0.1934614062739759
2023-08-31,4.637499809265137,2.4500797100250438,-0.1596936512094249,0.0,0.0,-0.11846470968649436
2023-09-01,4.637499809265137,2.295833865116359,0.1799129260001031,0.0,0.0,0.0
2023-09-04,4.644999980926514,0.0,0.0,0.0,0.0,0.16172877563018773
2023-09-05,4.652500152587891,1.332553300972683,-0.4194177587506065,0.0,0.0,0.16146763599944602
2023-09-06,4.642499923706055,0.9805034608178831,-0.6971599351452862,0.0,0.0,-0.21494311776161235
2023-09-07,4.671999931335449,-0.7653623051613101,-0.32112659361860363,0.0,0.0,0.6354336696648755
2023-09-08,4.677000045776367,0.7367323234873657,0.14266227216406246,0.0,0.0,0.10702299902407564
2023-09-11,4.673999786376953,-0.25140122881112115,0.6723453106275201,0.0,0.0,-0.06414922749730101
2023-09-12,4.671999931335449,1.7756849651809015,-0.5695885604828921,0.0,0.0,-0.042786802158889525
2023-09-13,4.675000190734863,-0.36019778029610094,0.12416323054647016,0.0,0.0,0.06421788192441102
2023-09-14,4.675000190734863,1.8526966575200587,0.8429918867167929,0.0,0.0,0.0
2023-09-15,4.678999900817871,0.6765671652400274,-1.2159612938677844,0.0,0.0,0.08555529240266146
2023-09-18,4.68149995803833,0.7822041865432006,0.07212876971294246,0.0,0.0,0.05343144418579193
2023-09-19,4.686500072479248,-0.3060848255534987,-0.2151010615372817,0.0,0.0,0.10680582047923881
2023-09-20,4.693999767303467,-1.0087699558448793,-0.9394794758059599,0.0,0.0,0.16002762633589018
2023-09-21,4.683499813079834,-0.7199839772571659,-1.6400934103219411,0.0,0.0,-0.22368885266614846
2023-09-22,4.689000129699707,0.4462808637023086,-0.22955984771939608,0.0,0.0,0.11744030830345142
2023-09-25,4.684999942779541,-0.3887576128697834,0.40230650909416354,0.0,0.0,-0.085310019396867
2023-09-26,4.683000087738037,0.7917028122843117,-1.4734533990868215,0.0,0.0,-0.04268634078824496
2023-09-27,4.6875,3.639784199295071,0.022931406074522265,0.0,0.0,0.09609037321491876
2023-09-28,4.705999851226807,-2.1029047974867265,0.5893173970516585,0.0,0.0,0.39466349283854285
2023-09-29,4.705999851226807,-1.003160154977123,-0.2709582086142026,0.0,0.0,0.0
2023-10-02,4.692800045013428,-2.169843816320749,0.007936755559079245,0.0,0.0,-0.28048887867979655
2023-10-03,4.7144999504089355,0.46161187065763,-1.3744071674259506,0.0,0.0,0.4624084808080964
2023-10-04,4.7220001220703125,-5.614705757871263,0.8109754957160709,0.0,0.0,0.1590873208244803
2023-10-05,4.729000091552734,-2.267874180034868,-0.1304030159777203,0.0,0.0,0.14824162010722564
2023-10-06,4.724999904632568,0.5831653154793282,1.1814893014644445,0.0,0.0,-0.08458842974673475
2023-10-09,4.710999965667725,4.336268025354406,0.630385429964031,0.0,0.0,-0.2962950105272477
2023-10-10,4.729499816894531,-0.474642331270303,0.5207990781392224,0.0,0.0,0.3926947858549745
2023-10-11,4.723999977111816,-2.8847310942416993,0.429300817103373,0.0,0.0,-0.11628797960977488
2023-10-12,4.716000080108643,-0.6946870481498002,-0.624643434611849,0.0,0.0,-0.16934583069293518
2023-10-13,4.710000038146973,5.765285934345443,-0.5018858888767519,0.0,0.0,-0.12722735071564184
2023-10-16,4.72599983215332,-1.174590889064131,1.059436938392988,0.0,0.0,0.33969838379539485
2023-10-17,4.733500003814697,0.0,-0.009824505308242415,0.0,0.0,0.15870021006665347
2023-10-18,4.734000205993652,1.9155273050613264,-1.3399820506516447,0.0,0.0,0.0105672795722489
2023-10-19,4.742000102996826,1.188862155101833,-0.8482848196321058,0.0,0.0,0.16898810002259346
2023-10-20,4.762499809265137,-0.6937481565711834,-1.2585283719027562,0.0,0.0,0.4323008397944861
2023-10-23,4.764999866485596,-3.6732418436399628,-0.16855698941634634,0.0,0.0,0.05249464190204556
2023-10-24,4.764999866485596,-2.0470230947819967,0.7265792222727274,0.0,0.0,0.0
2023-10-25,4.787499904632568,1.970386395952839,-1.4339628627712542,0.0,0.0,0.47219388829842224
2023-10-26,4.7769999504089355,-2.5529925292868128,-1.1832519778109618,0.0,0.0,-0.21932019702961547
2023-10-27,4.78380012512207,2.800146444767204,-0.48002802297685276,0.0,0.0,0.1423524133081111
2023-10-30,4.776000022888184,-3.7760151068075065,1.2010022325859904,0.0,0.0,-0.16305242756536886
2023-10-31,4.760000228881836,-1.5672469369337971,0.6474957307233353,0.0,0.0,-0.3350040605040072
2023-11-01,4.760000228881836,-0.7158654970270129,1.0505999486313922,0.0,0.0,0.0
2023-11-02,4.769000053405762,2.511184214020634,1.885855702012762,0.0,0.0,0.1890719346885339
2023-11-03,4.749000072479248,-2.3647792504152165,0.9393730253031363,0.0,0.0,-0.4193747264110592
2023-11-06,4.72599983215332,0.3850422933403985,0.17529924220356374,0.0,0.0,-0.4843175400062738
2023-11-07,4.632999897003174,-4.2687416001848,0.28401189192852616,0.0,0.0,-1.9678361924057142
2023-11-08,4.632999897003174,-2.6366819737737024,0.10049156221052513,0.0,0.0,0.0
2023-11-09,4.681300163269043,0.5442665906664423,-0.8083839306732843,0.0,0.0,1.0425268150148659
2023-11-10,4.690000057220459,1.888038480998988,1.5616441094852496,0.0,0.0,0.1858435402130043
2023-11-13,4.690000057220459,1.4124711586734229,-0.08358389332403515,0.0,0.0,0.0
2023-11-14,4.705999851226807,0.0,1.9075017703661823,0.0,0.0,0.3411469895765906
2023-11-15,4.71750020980835,-2.0444651551834947,0.15970120755575135,0.0,0.0,0.24437651817061923
2023-11-16,4.670000076293945,-4.904776880527228,0.11904273935798848,0.0,0.0,-1.0068920275964177
2023-11-17,4.670000076293945,4.101505900117308,0.12820490603360213,0.0,0.0,0.0
2023-11-20,4.670000076293945,2.2532601109836126,0.7390278097329839,0.0,0.0,0.0
2023-11-21,4.662499904632568,0.21906980964954137,-0.20209310950652926,0.0,0.0,-0.16060324494318046
2023-11-22,4.650000095367432,-0.8615124056393308,0.406112922094648,0.0,0.0,-0.26809242940074585
2023-11-23,4.67549991607666,0.0,0.0,0.0,0.0,0.5483832298118108
2023-11-24,4.676499843597412,-2.0233431770006693,0.059687366788407914,0.0,0.0,0.021386537027057173
2023-11-27,4.683000087738037,-0.9001857253565504,-0.1954157460090089,0.0,0.0,0.1389980617560571
2023-11-28,4.682000160217285,2.070535718835509,0.09801185306033133,0.0,0.0,-0.021352284903219942
2023-11-29,4.670499801635742,1.8976532898155263,-0.09462486392383118,0.0,0.0,-0.24562917958143027
2023-11-30,4.670499801635742,-2.440279361655051,0.37840728581564065,0.0,0.0,0.0
2023-12-01,4.6570000648498535,-2.4881508852397816,0.5873742123607695,0.0,0.0,-0.2890426583716077
2023-12-04,4.670499801635742,-1.3905748393959416,-0.5408509126972105,0.0,0.0,0.2898805367812285
2023-12-05,4.670000076293945,-0.9857628856492329,-0.056886972616143616,0.0,0.0,-0.010699611669440223
2023-12-06,4.6620001792907715,-4.065268879718564,-0.3906202808869552,0.0,0.0,-0.17130400155201952
2023-12-07,4.666500091552734,-0.057654824316633047,0.7968189065892917,0.0,0.0,0.09652321083024606
2023-12-08,4.671999931335449,2.7257097185772183,0.40954978699407896,0.0,0.0,0.11785791652871858
2023-12-11,4.662499904632568,0.12634610929280754,0.3924494286698943,0.0,0.0,-0.20333961563576697
2023-12-12,4.679999828338623,-3.799774391571298,0.45993575202152304,0.0,0.0,0.37533349198928256
2023-12-13,4.682000160217285,1.2534624729646282,1.3650676351045998,0.0,0.0,0.04274213572721397
2023-12-14,4.697500228881836,3.0372831053337546,0.26470624846992585,0.0,0.0,0.33105655989194016
2023-12-15,4.670000076293945,-0.2095578681779675,-0.00762494933082003,0.0,0.0,-0.5854209951669631
2023-12-18,4.670000076293945,1.4559721560745809,0.45283443669004164,0.0,0.0,0.0
2023-12-19,4.691500186920166,1.3384865521790745,0.5866407818910568,0.0,0.0,0.4603878003206052
2023-12-20,4.682000160217285,1.0620898057828843,-1.4684266911006771,0.0,0.0,-0.2024944330038969
2023-12-21,4.656000137329102,-0.4446265502925373,1.030146782120256,0.0,0.0,-0.5553187099202717
2023-12-22,4.6529998779296875,-0.4466123071871553,0.16600585268868873,0.0,0.0,-0.06443855908335738
2023-12-25,4.6529998779296875,0.0,0.0,0.0,0.0,0.0
2023-12-26,4.629499912261963,2.7324662900232166,0.42316894655107795,0.0,0.0,-0.5050497804478971
2023-12-27,4.636000156402588,-1.9319823876784437,0.14304577464787638,0.0,0.0,0.14040920755626907
2023-12-28,4.626999855041504,-3.1574739549500297,0.03701746080437829,0.0,0.0,-0.19413936707172175
2023-12-29,4.605000019073486,-0.1671939846733861,-0.2826475013374963,0.0,0.0,-0.4754665367894262
2024-01-01,4.59250020980835,0.0,0.0,0.0,0.0,-0.2714399394867284
2024-01-02,4.59250020980835,-1.772511158987533,-0.5660579005492328,0.0,0.0,0.0
2024-01-03,4.60099983215332,3.296390715206443,-0.8016314922730805,0.0,0.0,0.18507614494644997
2024-01-04,4.60099983215332,-0.7015055409136051,-0.3428381297357008,0.0,0.0,0.0
2024-01-05,4.632999897003174,2.2440712874367774,0.18256861788026324,0.0,0.0,0.6955024128935339
2024-01-08,4.6519999504089355,-4.118684481887502,1.4114629309846638,0.0,0.0,0.41010260798952647
2024-01-09,4.64900016784668,2.0771531587279624,-0.14779006799081618,0.0,0.0,-0.06448371870666492
2024-01-10,4.640999794006348,-1.2043122133366335,0.566597189372442,0.0,0.0,-0.1720880523013113
2024-01-11,4.640999794006348,0.9107382254031071,-0.06710555783868699,0.0,0.0,0.0
2024-01-12,4.643499851226807,0.9164172353136602,0.07509755941104146,0.0,0.0,0.053868936251366684
2024-01-15,4.644499778747559,0.0,0.0,0.0,0.0,0.021533919517358058
2024-01-16,4.666999816894531,-0.3852487315921693,-0.37313402367431525,0.0,0.0,0.48444481039549014
2024-01-17,4.644000053405762,0.22098899080500445,-0.5616897183990499,0.0,0.0,-0.49281689288931396
2024-01-18,4.715000152587891,2.094824040248211,0.8805260963896,0.0,0.0,1.528856553954161
2024-01-19,4.715000152587891,-0.9044251517073332,1.2313502764936146,0.0,0.0,0.0
2024-01-22,4.711999893188477,2.424735990328819,0.21943252026270788,0.0,0.0,-0.06363222274271552
2024-01-23,4.723999977111816,-1.090570113311573,0.2921374261968035,0.0,0.0,0.2546707172189633
2024-01-24,4.723999977111816,0.9681236583545472,0.08119284117831249,0.0,0.0,0.0
2024-01-25,4.726500034332275,3.023044857062396,0.5260365527706368,0.0,0.0,0.05292246470305351
2024-01-26,4.729000091552734,0.8402294735658566,-0.06517852510764532,0.0,0.0,0.05289447164495975
2024-01-29,4.724999904632568,-1.576725193245876,0.7556774896180896,0.0,0.0,-0.08458842974673475
2024-01-30,4.73199987411499,1.3545206200338944,-0.06006499345398986,0.0,0.0,0.1481475052636183
2024-01-31,4.725500106811523,-2.5314844878290943,-1.6105744611597972,0.0,0.0,-0.1373577235076029
2024-02-01,4.7270002365112305,-2.676333315932078,1.2493688211609788,0.0,0.0,0.031745416692396944
2024-02-02,4.725599765777588,-2.0861567622511346,1.068444607751462,0.0,0.0,-0.029627050213054673
2024-02-05,4.715000152587891,0.6917543005592997,-0.31863375266721894,0.0,0.0,-0.22430196620667475
2024-02-06,4.747799873352051,0.7282203739850113,0.23104108269635937,0.0,0.0,0.6956462291132226
2024-02-07,4.763000011444092,0.7502429001149835,0.8241457963390042,0.0,0.0,0.3201511962910297
2024-02-08,4.758999824523926,3.1952350268743546,0.057058326082515265,0.0,0.0,-0.08398460866165802
2024-02-09,4.767499923706055,0.8134283747808446,0.5742341525559524,0.0,0.0,0.17861104214222934
2024-02-12,4.762499809265137,0.10411482934342686,-0.09489536011326738,0.0,0.0,-0.10487917191263074
2024-02-13,4.762499809265137,1.2350553825419386,-1.3674255653625456,0.0,0.0,0.0
2024-02-14,4.763999938964844,-1.5795599249386005,0.9579763275017639,0.0,0.0,0.031498787607064926
2024-02-15,4.7829999923706055,1.8136735395592574,0.5821250684729495,0.0,0.0,0.3988256433498316
2024-02-16,4.7779998779296875,1.486612431444967,-0.48034698371121065,0.0,0.0,-0.10453929435277898
2024-02-19,4.777500152587891,0.0,0.0,0.0,0.0,-0.010458881426622657
2024-02-20,4.7845001220703125,-1.275416220599035,-0.6005322001165325,0.0,0.0,0.14651950306332484
2024-02-21,4.796299934387207,-0.3453525735641727,0.1264199922982101,0.0,0.0,0.24662581285062046
2024-02-22,4.792500019073486,0.8984686373241901,2.112288421741404,0.0,0.0,-0.07922597347336247
2024-02-23,4.775000095367432,-2.696861379114235,0.03479475462115911,0.0,0.0,-0.3651522928827866
2024-02-26,4.7729997634887695,1.4250281052778702,-0.3786751350190576,0.0,0.0,-0.041891766255730545
2024-02-27,4.775000095367432,1.6628008315036746,0.17063496993998672,0.0,0.0,0.04190932281127324
2024-02-28,4.760000228881836,-0.41841234888125856,-0.1658155060430544,0.0,0.0,-0.31413332326732935
2024-02-29,4.766499996185303,-0.3565046804596128,0.5229094697149161,0.0,0.0,0.13654972670018584
2024-03-01,4.742000102996826,2.185023048550372,0.800782894888763,0.0,0.0,-0.5140017456851775
2024-03-04,4.743000030517578,-1.538080953055132,-0.11932620709189656,0.0,0.0,0.021086619549426366
2024-03-05,4.7210001945495605,-0.7492968680433476,-1.0193100883444606,0.0,0.0,-0.4638379891727884
2024-03-06,4.732500076293945,1.253993228924699,0.5141103203274655,0.0,0.0,0.2435899443016698
2024-03-07,4.730000019073486,-0.2527447936105487,1.0304127925951478,0.0,0.0,-0.05282741004024594
2024-03-08,4.730000019073486,-1.165587438728266,-0.6528519003437983,0.0,0.0,0.0
2024-03-11,4.682000160217285,-0.10255329940253022,-0.1122238087346461,0.0,0.0,-1.0147961662292593
2024-03-12,4.681000232696533,-0.47478858608122065,1.1201787981366396,0.0,0.0,-0.021356845077624698
2024-03-13,4.675099849700928,2.784945500388347,-0.19245297153407392,0.0,0.0,-0.12604961978834872
2024-03-14,4.685999870300293,1.9317622829230663,-0.28710915621273925,0.0,0.0,0.23315054116037626
2024-03-15,4.685999870300293,-0.2707374045281208,-0.6482917484461503,0.0,0.0,0.0
2024-03-18,4.702000141143799,2.073050698662926,0.6318059504952345,0.0,0.0,0.3414483842587135
2024-03-19,4.716000080108643,0.9066731007401074,0.5649149650123642,0.0,0.0,0.29774433314750937
2024-03-20,4.730000019073486,-2.1444841132737036,0.8904173912846591,0.0,0.0,0.2968604479862691
2024-03-21,4.738500118255615,-0.7468175906861663,0.32365354015160275,0.0,0.0,0.17970611306241668
2024-03-22,4.712299823760986,-0.5427438547706553,-0.14021878490156903,0.0,0.0,-0.552923791089277
2024-03-25,4.735000133514404,1.637107453539266,-0.30549644525015296,0.0,0.0,0.48172464831195416
2024-03-26,4.7220001220703125,-0.40267750329334717,-0.2799795225030266,0.0,0.0,-0.2745514483110001
2024-03-27,4.718999862670898,-0.3308064976415892,0.8630626525532925,0.0,0.0,-0.0635378933048103
2024-03-28,4.730500221252441,2.2372461327128335,0.11164855071790214,0.0,0.0,0.24370330400971252
2024-03-29,4.730500221252441,0.0,0.0,0.0,0.0,0.0
2024-04-01,4.7220001220703125,0.6492736893301654,-0.20135845401164643,0.0,0.0,-0.17968711097277046
2024-04-02,4.7270002365112305,1.7202275201952055,-0.723905907316913,0.0,0.0,0.10588975670602352
2024-04-03,4.751999855041504,0.32883003438559655,0.1091122364688113,0.0,0.0,0.5288685694825546
2024-04-04,4.752500057220459,1.3578321767190316,-1.2334336350379616,0.0,0.0,0.010526140450628496
2024-04-05,4.736999988555908,0.3695661597790334,1.1099194174331695,0.0,0.0,-0.326145575548209
2024-04-08,4.744999885559082,-0.5522993173487367,-0.037463099831791524,0.0,0.0,0.1688810855499323
2024-04-09,4.75,-1.388403267389926,0.14454931932483817,0.0,0.0,0.10537649233954838
2024-04-10,4.745500087738037,1.1498248139624634,-0.9456980649108493,0.0,0.0,-0.09473499498868776
2024-04-11,4.745500087738037,-1.3803531539772207,0.7444797710585593,0.0,0.0,0.0
2024-04-12,4.745500087738037,0.7527723409939346,-1.455068829580164,0.0,0.0,0.0
2024-04-15,4.767499923706055,-0.29185149347662476,-1.202135494776202,0.0,0.0,0.4635936268311047
2024-04-16,4.776500225067139,-0.05854472498986185,-0.20565070133361507,0.0,0.0,0.1887845098083929
2024-04-17,4.774499893188477,-3.1279266047961163,-0.5780602724641426,0.0,0.0,-0.041878609534329314
2024-04-18,4.790500164031982,0.04837454873178881,-0.2208160119998248,0.0,0.0,0.3351193046696288
2024-04-19,4.78249979019165,0.4955832419659689,-0.875854812743615,0.0,0.0,-0.16700497998936026
2024-04-22,4.781000137329102,-0.3488103411791066,0.8731248071466746,0.0,0.0,-0.03135709207190418
2024-04-23,4.7754998207092285,0.615572897553851,1.1964576270872662,0.0,0.0,-0.11504531399042506
2024-04-24,4.777500152587891,-0.6597925236693336,0.02130100613548791,0.0,0.0,0.04188738255181956
2024-04-25,4.776000022888184,0.9177661618607225,-0.4576430353515626,0.0,0.0,-0.03139988805430649
2024-04-26,4.775000095367432,0.335047002895017,1.020914263474304,0.0,0.0,-0.0209365057780575
2024-04-29,4.764999866485596,-1.4549806116927466,0.31784486665891176,0.0,0.0,-0.2094288729237448
2024-04-30,4.763000011444092,-0.8471462804184426,-1.5730513586862171,0.0,0.0,-0.04196967675843544
2024-05-01,4.764999866485596,-3.5762239646796146,-0.34354388154940185,0.0,0.0,0.041987298691981145
2024-05-02,4.769999980926514,-0.06329500222508333,0.9128437077573048,0.0,0.0,0.10493419897208422
2024-05-03,4.751999855041504,-1.063959937124892,1.2556739721478527,0.0,0.0,-0.3773611311737035
2024-05-06,4.737500190734863,0.4736944612608207,1.032612390701182,0.0,0.0,-0.30512762518831726
2024-05-07,4.736999988555908,-0.1274287706905297,0.13434298232750663,0.0,0.0,-0.010558356914336375
2024-05-08,4.735499858856201,0.7782605661228903,-0.0005835618166138978,0.0,0.0,-0.03166834923645778
2024-05-09,4.739999771118164,0.34182083778075967,0.5090947698625836,0.0,0.0,0.09502507435508178
2024-05-10,4.730500221252441,-1.261670417673244,0.1649398844549843,0.0,0.0,-0.2004124541019059
2024-05-13,4.736499786376953,1.0989018488071656,-0.024130405535727206,0.0,0.0,0.12682728768425022
2024-05-14,4.729499816894531,-1.3903008914684878,0.4837813139759728,0.0,0.0,-0.14778781374708005
2024-05-15,4.712500095367432,0.7818516234270767,1.1715927882596233,0.0,0.0,-0.359440156152957
2024-05-16,4.704500198364258,0.763075320455453,-0.20816677921287052,0.0,0.0,-0.16975908416506647
2024-05-17,4.683000087738037,1.047575623493291,0.11647735102702228,0.0,0.0,-0.45701157869429965
2024-05-20,4.684999942779541,-0.32474958126954556,0.09163899374069473,0.0,0.0,0.042704569806439885
2024-05-21,4.68149995803833,-0.6766928507222048,0.2501874243978186,0.0,0.0,-0.0747061853566322
2024-05-22,4.690000057220459,-2.1322260861178277,-0.2706123039226127,0.0,0.0,0.1815678577019808
2024-05-23,4.690000057220459,-0.9024067951477588,-0.7380789485015526,0.0,0.0,0.0
2024-05-24,4.702000141143799,1.105760951932444,0.700104258816947,0.0,0.0,0.25586532573416143
2024-05-27,4.709000110626221,0.0,0.0,0.0,0.0,0.14887216657375468
2024-05-28,4.694499969482422,2.7148746490105458,0.02488018529340774,0.0,0.0,-0.3079239924220434
2024-05-29,4.691299915313721,-0.7515952152811867,-0.7367046509680453,0.0,0.0,-0.06816602810744143
2024-05-30,4.703000068664551,-1.6660351368124715,-0.5975035585443322,0.0,0.0,0.24940109483593265
2024-05-31,4.701499938964844,-1.1808570852208544,0.802787620486467,0.0,0.0,-0.031897292745164396
2024-06-03,4.704500198364258,-3.5978655928368686,0.11160825806737495,0.0,0.0,0.06381494072877913
2024-06-04,4.704500198364258,-1.3069269802606143,0.15028090913065117,0.0,0.0,0.0
2024-06-05,4.69950008392334,1.1194535082924562,1.1847649793331305,0.0,0.0,-0.10628364821105851
2024-06-06,4.695499897003174,1.9981144363863335,-0.019981663563317653,0.0,0.0,-0.08511941374041987
2024-06-07,4.691999912261963,-0.02647818881917896,-0.11152197300303701,0.0,0.0,-0.07453912933625961
2024-06-10,4.688499927520752,2.9259885081295955,0.25808546645145203,0.0,0.0,-0.07459473159971974
2024-06-11,4.718500137329102,0.20581896900713215,0.27103813151374556,0.0,0.0,0.6398679806360441
2024-06-12,4.7170000076293945,0.7702162546450841,0.8503672791998707,0.0,0.0,-0.03179251151947948
2024-06-13,4.715000152587891,0.15286974086883287,0.23446558536817097,0.0,0.0,-0.04239675722428338
2024-06-14,4.704999923706055,-0.21623733452137417,-0.0393860697500914,0.0,0.0,-0.2120939248824283
2024-06-17,4.7170000076293945,2.396437165004417,0.7664386564552705,0.0,0.0,0.2550496093076893
2024-06-18,4.71750020980835,1.5436298213678867,0.2521327394745754,0.0,0.0,0.01060424375971536
2024-06-19,4.711999893188477,0.0,0.0,0.0,0.0,-0.11659388182828634
2024-06-20,4.703999996185303,0.7355626779034674,-0.25259318472709014,0.0,0.0,-0.16977710493453202
2024-06-21,4.708000183105469,-1.7524581283925866,-0.1562130321101196,0.0,0.0,0.08503798731738232
2024-06-24,4.7104997634887695,1.1148195950211992,-0.3065171894990004,0.0,0.0,0.05309218959401729
2024-06-25,4.709000110626221,-0.9800262762226009,0.39335900157368986,0.0,0.0,-0.031836385475969564
2024-06-26,4.702000141143799,0.0866011298261915,0.15724312002203256,0.0,0.0,-0.14865086680770911
2024-06-27,4.710000038146973,1.03831436594215,0.09073212238914774,0.0,0.0,0.17013817020490318
2024-06-28,4.7170000076293945,-0.24467452100440656,-0.4083652583445674,0.0,0.0,0.148619308401865
